"","variety","treatment","flower","freshWeight","GRVI","NDVI","GNDVI","BNDVI","NDRE","CIgreen","CIRE","MSR","NDI","ARI","mARI","RGBVI","RTVI"
"W1-001","GmWMC109","W1",1,138.005,NA,NA,NA,NA,NA,NA,NA,NA,NA,NA,NA,NA,NA
"W1-002","GmWMC020","W1",1,159.68,NA,NA,NA,NA,NA,NA,NA,NA,NA,NA,NA,NA,NA
"W1-003","GmJMC033","W1",1,98.37,NA,NA,NA,NA,NA,NA,NA,NA,NA,NA,NA,NA,NA
"W1-004","GmWMC140","W1",1,115.525,NA,NA,NA,NA,NA,NA,NA,NA,NA,NA,NA,NA,NA
"W1-005","GmJMC057","W1",1,96.565,NA,NA,NA,NA,NA,NA,NA,NA,NA,NA,NA,NA,NA
"W1-006","GmWMC120","W1",1,183.24,NA,NA,NA,NA,NA,NA,NA,NA,NA,NA,NA,NA,NA
"W1-007","GmWMC132","W1",1,202.65,NA,NA,NA,NA,NA,NA,NA,NA,NA,NA,NA,NA,NA
"W1-008","GmJMC095","W1",1,168.385,NA,NA,NA,NA,NA,NA,NA,NA,NA,NA,NA,NA,NA
"W1-009","GmJMC090","W1",1,183.145,NA,NA,NA,NA,NA,NA,NA,NA,NA,NA,NA,NA,NA
"W1-010","GmWMC142","W1",1,62.175,NA,NA,NA,NA,NA,NA,NA,NA,NA,NA,NA,NA,NA
"W1-011","GmJMC104","W1",1,178.105,NA,NA,NA,NA,NA,NA,NA,NA,NA,NA,NA,NA,NA
"W1-012","GmWMC010","W1",1,150.9,NA,NA,NA,NA,NA,NA,NA,NA,NA,NA,NA,NA,NA
"W1-013","GmWMC035","W1",1,150.435,NA,NA,NA,NA,NA,NA,NA,NA,NA,NA,NA,NA,NA
"W1-014","GmWMC157","W1",1,79.165,NA,NA,NA,NA,NA,NA,NA,NA,NA,NA,NA,NA,NA
"W1-015","GmWMC185","W1",1,267.465,NA,NA,NA,NA,NA,NA,NA,NA,NA,NA,NA,NA,NA
"W1-016","GmWMC124","W1",1,242.185,NA,NA,NA,NA,NA,NA,NA,NA,NA,NA,NA,NA,NA
"W1-017","GmJMC034","W1",1,203.21,NA,NA,NA,NA,NA,NA,NA,NA,NA,NA,NA,NA,NA
"W1-018","GmWMC135","W1",1,278.955,NA,NA,NA,NA,NA,NA,NA,NA,NA,NA,NA,NA,NA
"W1-019","GmWMC066","W1",1,213.48,NA,NA,NA,NA,NA,NA,NA,NA,NA,NA,NA,NA,NA
"W1-020","C1290","W1",1,129.07,NA,NA,NA,NA,NA,NA,NA,NA,NA,NA,NA,NA,NA
"W1-021","GmWMC178","W1",1,281.015,NA,NA,NA,NA,NA,NA,NA,NA,NA,NA,NA,NA,NA
"W1-022","GmJMC101","W1",1,238.79,NA,NA,NA,NA,NA,NA,NA,NA,NA,NA,NA,NA,NA
"W1-023","GmWMC084","W1",1,140.85,NA,NA,NA,NA,NA,NA,NA,NA,NA,NA,NA,NA,NA
"W1-024","GmWMC038","W1",1,120.025,NA,NA,NA,NA,NA,NA,NA,NA,NA,NA,NA,NA,NA
"W1-025","GmJMC064","W1",1,168.595,NA,NA,NA,NA,NA,NA,NA,NA,NA,NA,NA,NA,NA
"W1-026","GmWMC141","W1",1,84.83,NA,NA,NA,NA,NA,NA,NA,NA,NA,NA,NA,NA,NA
"W1-027","GmJMC047","W1",1,105.32,NA,NA,NA,NA,NA,NA,NA,NA,NA,NA,NA,NA,NA
"W1-028","GmJMC077","W1",1,195.145,NA,NA,NA,NA,NA,NA,NA,NA,NA,NA,NA,NA,NA
"W1-029","GmWMC042","W1",1,50.34,NA,NA,NA,NA,NA,NA,NA,NA,NA,NA,NA,NA,NA
"W1-030","GmWMC125","W1",1,206.95,NA,NA,NA,NA,NA,NA,NA,NA,NA,NA,NA,NA,NA
"W1-031","GmWMC187","W1",1,116.26,NA,NA,NA,NA,NA,NA,NA,NA,NA,NA,NA,NA,NA
"W1-032","GmWMC188","W1",1,166.37,NA,NA,NA,NA,NA,NA,NA,NA,NA,NA,NA,NA,NA
"W1-033","GmJMC032","W1",1,122.78,NA,NA,NA,NA,NA,NA,NA,NA,NA,NA,NA,NA,NA
"W1-034","GmJMC145","W1",1,128.68,NA,NA,NA,NA,NA,NA,NA,NA,NA,NA,NA,NA,NA
"W1-035","Tachiutaka","W1",1,135.32,NA,NA,NA,NA,NA,NA,NA,NA,NA,NA,NA,NA,NA
"W1-036","GmJMC126","W1",1,154.055,NA,NA,NA,NA,NA,NA,NA,NA,NA,NA,NA,NA,NA
"W1-037","GmJMC068","W1",1,234.71,NA,NA,NA,NA,NA,NA,NA,NA,NA,NA,NA,NA,NA
"W1-038","GmJMC085","W1",1,308.895,NA,NA,NA,NA,NA,NA,NA,NA,NA,NA,NA,NA,NA
"W1-039","GmJMC079","W1",1,223.115,NA,NA,NA,NA,NA,NA,NA,NA,NA,NA,NA,NA,NA
"W1-040","C1329","W1",1,211.27,NA,NA,NA,NA,NA,NA,NA,NA,NA,NA,NA,NA,NA
"W1-041","GmWMC048","W1",1,141.47,NA,NA,NA,NA,NA,NA,NA,NA,NA,NA,NA,NA,NA
"W1-042","GmWMC089","W1",1,150.615,NA,NA,NA,NA,NA,NA,NA,NA,NA,NA,NA,NA,NA
"W1-043","GmWMC138","W1",1,85.35,NA,NA,NA,NA,NA,NA,NA,NA,NA,NA,NA,NA,NA
"W1-044","GmJMC137","W1",1,237.67,NA,NA,NA,NA,NA,NA,NA,NA,NA,NA,NA,NA,NA
"W1-045","5002T","W1",1,144.235,NA,NA,NA,NA,NA,NA,NA,NA,NA,NA,NA,NA,NA
"W1-046","GmWMC143","W1",1,251.635,NA,NA,NA,NA,NA,NA,NA,NA,NA,NA,NA,NA,NA
"W1-047","GmJMC053","W1",1,184.62,NA,NA,NA,NA,NA,NA,NA,NA,NA,NA,NA,NA,NA
"W1-048","GmWMC171","W1",1,191.925,NA,NA,NA,NA,NA,NA,NA,NA,NA,NA,NA,NA,NA
"W1-049","GmWMC094","W1",1,154.17,NA,NA,NA,NA,NA,NA,NA,NA,NA,NA,NA,NA,NA
"W1-050","GmWMC074","W1",1,163.06,NA,NA,NA,NA,NA,NA,NA,NA,NA,NA,NA,NA,NA
"W1-051","GmJMC013","W1",1,59.43,NA,NA,NA,NA,NA,NA,NA,NA,NA,NA,NA,NA,NA
"W1-052","GmJMC105","W1",1,197.26,NA,NA,NA,NA,NA,NA,NA,NA,NA,NA,NA,NA,NA
"W1-053","GmJMC055","W1",1,116.32,NA,NA,NA,NA,NA,NA,NA,NA,NA,NA,NA,NA,NA
"W1-054","GmJMC008","W1",1,89.26,NA,NA,NA,NA,NA,NA,NA,NA,NA,NA,NA,NA,NA
"W1-055","GmWMC107","W1",1,114.795,NA,NA,NA,NA,NA,NA,NA,NA,NA,NA,NA,NA,NA
"W1-056","GmWMC122","W1",1,264.96,NA,NA,NA,NA,NA,NA,NA,NA,NA,NA,NA,NA,NA
"W1-057","GmWMC072","W1",1,182.66,NA,NA,NA,NA,NA,NA,NA,NA,NA,NA,NA,NA,NA
"W1-058","GmJMC002","W1",1,68.305,NA,NA,NA,NA,NA,NA,NA,NA,NA,NA,NA,NA,NA
"W1-059","GmJMC116","W1",1,205.335,NA,NA,NA,NA,NA,NA,NA,NA,NA,NA,NA,NA,NA
"W1-060","GmJMC044","W1",1,201.74,NA,NA,NA,NA,NA,NA,NA,NA,NA,NA,NA,NA,NA
"W1-061","GmJMC017","W1",1,149.145,NA,NA,NA,NA,NA,NA,NA,NA,NA,NA,NA,NA,NA
"W1-062","GmJMC040","W1",1,232.125,NA,NA,NA,NA,NA,NA,NA,NA,NA,NA,NA,NA,NA
"W1-063","GmWMC045","W1",1,213.225,NA,NA,NA,NA,NA,NA,NA,NA,NA,NA,NA,NA,NA
"W1-064","GmWMC182","W1",1,222.72,NA,NA,NA,NA,NA,NA,NA,NA,NA,NA,NA,NA,NA
"W1-065","GmJMC096","W1",1,258.415,NA,NA,NA,NA,NA,NA,NA,NA,NA,NA,NA,NA,NA
"W1-066","GmWMC162","W1",1,158.22,NA,NA,NA,NA,NA,NA,NA,NA,NA,NA,NA,NA,NA
"W1-067","GmWMC136","W1",1,197.225,NA,NA,NA,NA,NA,NA,NA,NA,NA,NA,NA,NA,NA
"W1-068","GmJMC025","W1",1,150.7,NA,NA,NA,NA,NA,NA,NA,NA,NA,NA,NA,NA,NA
"W1-069","GmJMC063","W1",1,194.31,NA,NA,NA,NA,NA,NA,NA,NA,NA,NA,NA,NA,NA
"W1-070","GmJMC100","W1",1,267,NA,NA,NA,NA,NA,NA,NA,NA,NA,NA,NA,NA,NA
"W1-071","C1322","W1",1,32.975,NA,NA,NA,NA,NA,NA,NA,NA,NA,NA,NA,NA,NA
"W1-072","GmWMC014","W1",1,64.25,NA,NA,NA,NA,NA,NA,NA,NA,NA,NA,NA,NA,NA
"W1-073","GmWMC155","W1",1,116.725,NA,NA,NA,NA,NA,NA,NA,NA,NA,NA,NA,NA,NA
"W1-074","GmWMC190","W1",1,124.375,NA,NA,NA,NA,NA,NA,NA,NA,NA,NA,NA,NA,NA
"W1-075","GmJMC056","W1",1,149.415,NA,NA,NA,NA,NA,NA,NA,NA,NA,NA,NA,NA,NA
"W1-076","GmWMC127","W1",1,84.6,NA,NA,NA,NA,NA,NA,NA,NA,NA,NA,NA,NA,NA
"W1-077","GmWMC075","W1",1,142.05,NA,NA,NA,NA,NA,NA,NA,NA,NA,NA,NA,NA,NA
"W1-078","GmWMC070","W1",1,119.835,NA,NA,NA,NA,NA,NA,NA,NA,NA,NA,NA,NA,NA
"W1-079","GmWMC183","W1",1,128.81,NA,NA,NA,NA,NA,NA,NA,NA,NA,NA,NA,NA,NA
"W1-080","GmWMC018","W1",1,128.51,NA,NA,NA,NA,NA,NA,NA,NA,NA,NA,NA,NA,NA
"W1-081","GmWMC148","W1",1,172.59,NA,NA,NA,NA,NA,NA,NA,NA,NA,NA,NA,NA,NA
"W1-082","GmWMC176","W1",1,133.99,NA,NA,NA,NA,NA,NA,NA,NA,NA,NA,NA,NA,NA
"W1-083","GmJMC158","W1",1,200.135,NA,NA,NA,NA,NA,NA,NA,NA,NA,NA,NA,NA,NA
"W1-084","GmWMC036","W1",1,54.725,NA,NA,NA,NA,NA,NA,NA,NA,NA,NA,NA,NA,NA
"W1-085","GmJMC037","W1",1,137.61,NA,NA,NA,NA,NA,NA,NA,NA,NA,NA,NA,NA,NA
"W1-086","GmJMC009","W1",1,74.495,NA,NA,NA,NA,NA,NA,NA,NA,NA,NA,NA,NA,NA
"W1-087","GmWMC150","W1",1,73.205,NA,NA,NA,NA,NA,NA,NA,NA,NA,NA,NA,NA,NA
"W1-088","GmJMC117","W1",1,98.39,NA,NA,NA,NA,NA,NA,NA,NA,NA,NA,NA,NA,NA
"W1-089","GmWMC174","W1",1,108.34,NA,NA,NA,NA,NA,NA,NA,NA,NA,NA,NA,NA,NA
"W1-090","GmJMC051","W1",1,157.61,NA,NA,NA,NA,NA,NA,NA,NA,NA,NA,NA,NA,NA
"W1-091","GmJMC130","W1",1,156.68,NA,NA,NA,NA,NA,NA,NA,NA,NA,NA,NA,NA,NA
"W1-092","GmWMC181","W1",1,143.79,NA,NA,NA,NA,NA,NA,NA,NA,NA,NA,NA,NA,NA
"W1-093","GmJMC007","W1",1,112.275,NA,NA,NA,NA,NA,NA,NA,NA,NA,NA,NA,NA,NA
"W1-094","GmJMC091","W1",1,159.76,NA,NA,NA,NA,NA,NA,NA,NA,NA,NA,NA,NA,NA
"W1-095","GmWMC144","W1",1,176.65,NA,NA,NA,NA,NA,NA,NA,NA,NA,NA,NA,NA,NA
"W1-096","GmJMC065","W1",1,159.49,NA,NA,NA,NA,NA,NA,NA,NA,NA,NA,NA,NA,NA
"W1-097","GmJMC030","W1",1,90.765,NA,NA,NA,NA,NA,NA,NA,NA,NA,NA,NA,NA,NA
"W1-098","GmWMC118","W1",1,138.495,NA,NA,NA,NA,NA,NA,NA,NA,NA,NA,NA,NA,NA
"W1-099","GmWMC129","W1",1,160.25,NA,NA,NA,NA,NA,NA,NA,NA,NA,NA,NA,NA,NA
"W1-100","GmWMC015","W1",1,96.015,NA,NA,NA,NA,NA,NA,NA,NA,NA,NA,NA,NA,NA
"W1-101","GmWMC071","W1",1,107.645,NA,NA,NA,NA,NA,NA,NA,NA,NA,NA,NA,NA,NA
"W1-102","GmWMC169","W1",1,81.445,NA,NA,NA,NA,NA,NA,NA,NA,NA,NA,NA,NA,NA
"W1-103","GmWMC103","W1",1,66.43,NA,NA,NA,NA,NA,NA,NA,NA,NA,NA,NA,NA,NA
"W1-104","GmJMC061","W1",1,135.71,NA,NA,NA,NA,NA,NA,NA,NA,NA,NA,NA,NA,NA
"W1-105","GmJMC080","W1",1,152.3,NA,NA,NA,NA,NA,NA,NA,NA,NA,NA,NA,NA,NA
"W1-106","GmJMC102","W1",1,167.6,NA,NA,NA,NA,NA,NA,NA,NA,NA,NA,NA,NA,NA
"W1-107","GmJMC082","W1",1,136.54,NA,NA,NA,NA,NA,NA,NA,NA,NA,NA,NA,NA,NA
"W1-108","GmWMC152","W1",1,263.3,NA,NA,NA,NA,NA,NA,NA,NA,NA,NA,NA,NA,NA
"W1-109","GmJMC028","W1",1,310.6,NA,NA,NA,NA,NA,NA,NA,NA,NA,NA,NA,NA,NA
"W1-110","GmJMC050","W1",1,117.005,NA,NA,NA,NA,NA,NA,NA,NA,NA,NA,NA,NA,NA
"W1-111","GmJMC097","W1",1,287.345,NA,NA,NA,NA,NA,NA,NA,NA,NA,NA,NA,NA,NA
"W1-112","GmWMC123","W1",1,212.005,NA,NA,NA,NA,NA,NA,NA,NA,NA,NA,NA,NA,NA
"W1-113","GmWMC108","W1",1,209.47,NA,NA,NA,NA,NA,NA,NA,NA,NA,NA,NA,NA,NA
"W1-114","GmJMC139","W1",1,298.43,NA,NA,NA,NA,NA,NA,NA,NA,NA,NA,NA,NA,NA
"W1-115","GmWMC192","W1",1,166.86,NA,NA,NA,NA,NA,NA,NA,NA,NA,NA,NA,NA,NA
"W1-116","GmJMC031","W1",1,229.735,NA,NA,NA,NA,NA,NA,NA,NA,NA,NA,NA,NA,NA
"W1-117","GmWMC119","W1",1,236.855,NA,NA,NA,NA,NA,NA,NA,NA,NA,NA,NA,NA,NA
"W1-118","GmJMC081","W1",1,230.995,NA,NA,NA,NA,NA,NA,NA,NA,NA,NA,NA,NA,NA
"W1-119","GmWMC191","W1",1,219.75,NA,NA,NA,NA,NA,NA,NA,NA,NA,NA,NA,NA,NA
"W1-120","GmJMC078","W1",1,214.99,NA,NA,NA,NA,NA,NA,NA,NA,NA,NA,NA,NA,NA
"W1-121","GmWMC073","W1",1,232.625,NA,NA,NA,NA,NA,NA,NA,NA,NA,NA,NA,NA,NA
"W1-122","GmWMC154","W1",1,246.135,NA,NA,NA,NA,NA,NA,NA,NA,NA,NA,NA,NA,NA
"W1-123","GmJMC093","W1",1,239.535,NA,NA,NA,NA,NA,NA,NA,NA,NA,NA,NA,NA,NA
"W1-124","GmWMC160","W1",1,132.95,NA,NA,NA,NA,NA,NA,NA,NA,NA,NA,NA,NA,NA
"W1-125","GmJMC106","W1",1,238.885,NA,NA,NA,NA,NA,NA,NA,NA,NA,NA,NA,NA,NA
"W1-126","GmJMC076","W1",1,255.11,NA,NA,NA,NA,NA,NA,NA,NA,NA,NA,NA,NA,NA
"W1-127","GmWMC159","W1",1,111.245,NA,NA,NA,NA,NA,NA,NA,NA,NA,NA,NA,NA,NA
"W1-128","GmJMC003","W1",1,86.055,NA,NA,NA,NA,NA,NA,NA,NA,NA,NA,NA,NA,NA
"W1-129","GmJMC041","W1",1,81.345,NA,NA,NA,NA,NA,NA,NA,NA,NA,NA,NA,NA,NA
"W1-130","GmWMC022","W1",1,162.805,NA,NA,NA,NA,NA,NA,NA,NA,NA,NA,NA,NA,NA
"W1-131","GmJMC179","W1",1,356.915,NA,NA,NA,NA,NA,NA,NA,NA,NA,NA,NA,NA,NA
"W1-132","GmJMC049","W1",1,160.32,NA,NA,NA,NA,NA,NA,NA,NA,NA,NA,NA,NA,NA
"W1-133","GmJMC058","W1",1,191.28,NA,NA,NA,NA,NA,NA,NA,NA,NA,NA,NA,NA,NA
"W1-134","GmWMC170","W1",1,215.71,NA,NA,NA,NA,NA,NA,NA,NA,NA,NA,NA,NA,NA
"W1-135","GmJMC043","W1",1,146.09,NA,NA,NA,NA,NA,NA,NA,NA,NA,NA,NA,NA,NA
"W1-136","GmWMC163","W1",1,194.41,NA,NA,NA,NA,NA,NA,NA,NA,NA,NA,NA,NA,NA
"W1-137","GmJMC067","W1",1,159.24,NA,NA,NA,NA,NA,NA,NA,NA,NA,NA,NA,NA,NA
"W1-138","GmWMC006","W1",1,118.03,NA,NA,NA,NA,NA,NA,NA,NA,NA,NA,NA,NA,NA
"W1-139","GmJMC062","W1",1,165.1,NA,NA,NA,NA,NA,NA,NA,NA,NA,NA,NA,NA,NA
"W1-140","GmJMC110","W1",1,241.15,NA,NA,NA,NA,NA,NA,NA,NA,NA,NA,NA,NA,NA
"W1-141","GmWMC027","W1",1,190.195,NA,NA,NA,NA,NA,NA,NA,NA,NA,NA,NA,NA,NA
"W1-142","GmWMC029","W1",1,139.06,NA,NA,NA,NA,NA,NA,NA,NA,NA,NA,NA,NA,NA
"W1-143","GmJMC004","W1",1,127.545,NA,NA,NA,NA,NA,NA,NA,NA,NA,NA,NA,NA,NA
"W1-144","GmJMC039","W1",1,128.965,NA,NA,NA,NA,NA,NA,NA,NA,NA,NA,NA,NA,NA
"W1-145","GmWMC134","W1",1,91.625,NA,NA,NA,NA,NA,NA,NA,NA,NA,NA,NA,NA,NA
"W1-146","GmJMC099","W1",1,290.21,NA,NA,NA,NA,NA,NA,NA,NA,NA,NA,NA,NA,NA
"W1-147","GmJMC054","W1",1,360.35,NA,NA,NA,NA,NA,NA,NA,NA,NA,NA,NA,NA,NA
"W1-148","GmWMC156","W1",1,238.625,NA,NA,NA,NA,NA,NA,NA,NA,NA,NA,NA,NA,NA
"W1-149","GmWMC189","W1",1,237.95,NA,NA,NA,NA,NA,NA,NA,NA,NA,NA,NA,NA,NA
"W1-150","GmJMC005","W1",1,200.605,NA,NA,NA,NA,NA,NA,NA,NA,NA,NA,NA,NA,NA
"W1-151","GmJMC023","W1",1,195.42,NA,NA,NA,NA,NA,NA,NA,NA,NA,NA,NA,NA,NA
"W1-152","GmJMC021","W1",1,115.26,NA,NA,NA,NA,NA,NA,NA,NA,NA,NA,NA,NA,NA
"W1-153","GmWMC011","W1",1,197.35,NA,NA,NA,NA,NA,NA,NA,NA,NA,NA,NA,NA,NA
"W1-154",NA,NA,1,NA,NA,NA,NA,NA,NA,NA,NA,NA,NA,NA,NA,NA,NA
"W1-155","GmJMC059","W1",1,150.82,NA,NA,NA,NA,NA,NA,NA,NA,NA,NA,NA,NA,NA
"W1-156","GmJMC161","W1",1,170.75,NA,NA,NA,NA,NA,NA,NA,NA,NA,NA,NA,NA,NA
"W1-157","GmJMC180","W1",1,109.945,NA,NA,NA,NA,NA,NA,NA,NA,NA,NA,NA,NA,NA
"W1-158","GmJMC088","W1",1,212.29,NA,NA,NA,NA,NA,NA,NA,NA,NA,NA,NA,NA,NA
"W1-159","GmWMC151","W1",1,149.41,NA,NA,NA,NA,NA,NA,NA,NA,NA,NA,NA,NA,NA
"W1-160","GmWMC173","W1",1,198.72,NA,NA,NA,NA,NA,NA,NA,NA,NA,NA,NA,NA,NA
"W1-161","GmJMC026","W1",1,124.045,NA,NA,NA,NA,NA,NA,NA,NA,NA,NA,NA,NA,NA
"W1-162","GmWMC086","W1",1,97.885,NA,NA,NA,NA,NA,NA,NA,NA,NA,NA,NA,NA,NA
"W1-163","Houjaku Kuwazu","W1",1,56.095,NA,NA,NA,NA,NA,NA,NA,NA,NA,NA,NA,NA,NA
"W1-164","GmWMC001","W1",1,65.2,NA,NA,NA,NA,NA,NA,NA,NA,NA,NA,NA,NA,NA
"W1-165","GmJMC069","W1",1,132.915,NA,NA,NA,NA,NA,NA,NA,NA,NA,NA,NA,NA,NA
"W1-166","GmWMC012","W1",1,93.095,NA,NA,NA,NA,NA,NA,NA,NA,NA,NA,NA,NA,NA
"W1-167","GmJMC131","W1",1,203.97,NA,NA,NA,NA,NA,NA,NA,NA,NA,NA,NA,NA,NA
"W1-168","GmWMC146","W1",1,100.705,NA,NA,NA,NA,NA,NA,NA,NA,NA,NA,NA,NA,NA
"W1-169","GmWMC113","W1",1,55.88,NA,NA,NA,NA,NA,NA,NA,NA,NA,NA,NA,NA,NA
"W1-170","GmJMC133","W1",1,184.425,NA,NA,NA,NA,NA,NA,NA,NA,NA,NA,NA,NA,NA
"W1-171","GmJMC052","W1",1,90.5,NA,NA,NA,NA,NA,NA,NA,NA,NA,NA,NA,NA,NA
"W1-172","GmJMC177","W1",1,183.655,NA,NA,NA,NA,NA,NA,NA,NA,NA,NA,NA,NA,NA
"W1-173","GmWMC153","W1",1,196.055,NA,NA,NA,NA,NA,NA,NA,NA,NA,NA,NA,NA,NA
"W1-174","UA-4805","W1",1,55.86,NA,NA,NA,NA,NA,NA,NA,NA,NA,NA,NA,NA,NA
"W1-175","GmWMC024","W1",1,96.685,NA,NA,NA,NA,NA,NA,NA,NA,NA,NA,NA,NA,NA
"W1-176","GmJMC112","W1",1,171.57,NA,NA,NA,NA,NA,NA,NA,NA,NA,NA,NA,NA,NA
"W1-177","GmWMC168","W1",1,108.655,NA,NA,NA,NA,NA,NA,NA,NA,NA,NA,NA,NA,NA
"W1-178","GmJMC092","W1",1,187.445,NA,NA,NA,NA,NA,NA,NA,NA,NA,NA,NA,NA,NA
"W1-179","GmJMC172","W1",1,130,NA,NA,NA,NA,NA,NA,NA,NA,NA,NA,NA,NA,NA
"W1-180","GmWMC175","W1",1,183.125,NA,NA,NA,NA,NA,NA,NA,NA,NA,NA,NA,NA,NA
"W1-181","GmWMC087","W1",1,143.82,NA,NA,NA,NA,NA,NA,NA,NA,NA,NA,NA,NA,NA
"W1-182","GmJMC114","W1",1,257.51,NA,NA,NA,NA,NA,NA,NA,NA,NA,NA,NA,NA,NA
"W1-183","GmJMC121","W1",1,130.09,NA,NA,NA,NA,NA,NA,NA,NA,NA,NA,NA,NA,NA
"W1-184","GmWMC046","W1",1,95.195,NA,NA,NA,NA,NA,NA,NA,NA,NA,NA,NA,NA,NA
"W1-185","GmWMC083","W1",1,129.565,NA,NA,NA,NA,NA,NA,NA,NA,NA,NA,NA,NA,NA
"W1-186","GmWMC186","W1",1,125.485,NA,NA,NA,NA,NA,NA,NA,NA,NA,NA,NA,NA,NA
"W1-187","GmWMC164","W1",1,259.45,NA,NA,NA,NA,NA,NA,NA,NA,NA,NA,NA,NA,NA
"W1-188","GmJMC060","W1",1,213.22,NA,NA,NA,NA,NA,NA,NA,NA,NA,NA,NA,NA,NA
"W1-189","GmJMC167","W1",1,147.015,NA,NA,NA,NA,NA,NA,NA,NA,NA,NA,NA,NA,NA
"W1-190","C0394","W1",1,130.135,NA,NA,NA,NA,NA,NA,NA,NA,NA,NA,NA,NA,NA
"W1-191","GmWMC147","W1",1,217.095,NA,NA,NA,NA,NA,NA,NA,NA,NA,NA,NA,NA,NA
"W1-192","GmJMC016","W1",1,68.425,NA,NA,NA,NA,NA,NA,NA,NA,NA,NA,NA,NA,NA
"W1-193","GmWMC166","W1",1,121.56,NA,NA,NA,NA,NA,NA,NA,NA,NA,NA,NA,NA,NA
"W1-194","GmJMC128","W1",1,129.53,NA,NA,NA,NA,NA,NA,NA,NA,NA,NA,NA,NA,NA
"W1-195","GmWMC115","W1",1,238.95,NA,NA,NA,NA,NA,NA,NA,NA,NA,NA,NA,NA,NA
"W1-196","GmJMC184","W1",1,321.125,NA,NA,NA,NA,NA,NA,NA,NA,NA,NA,NA,NA,NA
"W1-197","GmJMC111","W1",1,156.81,NA,NA,NA,NA,NA,NA,NA,NA,NA,NA,NA,NA,NA
"W1-198","GmJMC098","W1",1,248.13,NA,NA,NA,NA,NA,NA,NA,NA,NA,NA,NA,NA,NA
"W1-199","GmWMC165","W1",1,174.4,NA,NA,NA,NA,NA,NA,NA,NA,NA,NA,NA,NA,NA
"W1-200","GmJMC149","W1",1,208.72,NA,NA,NA,NA,NA,NA,NA,NA,NA,NA,NA,NA,NA
"W2-001","GmWMC014","W2",1,100.895,NA,NA,NA,NA,NA,NA,NA,NA,NA,NA,NA,NA,NA
"W2-002","GmJMC054","W2",1,82.865,NA,NA,NA,NA,NA,NA,NA,NA,NA,NA,NA,NA,NA
"W2-003","GmWMC160","W2",1,38,NA,NA,NA,NA,NA,NA,NA,NA,NA,NA,NA,NA,NA
"W2-004","GmWMC123","W2",1,59.145,NA,NA,NA,NA,NA,NA,NA,NA,NA,NA,NA,NA,NA
"W2-005","GmWMC191","W2",1,58.91,NA,NA,NA,NA,NA,NA,NA,NA,NA,NA,NA,NA,NA
"W2-006","GmJMC028","W2",1,83.31,NA,NA,NA,NA,NA,NA,NA,NA,NA,NA,NA,NA,NA
"W2-007","GmWMC071","W2",1,78.915,NA,NA,NA,NA,NA,NA,NA,NA,NA,NA,NA,NA,NA
"W2-008","GmWMC119","W2",1,62.645,NA,NA,NA,NA,NA,NA,NA,NA,NA,NA,NA,NA,NA
"W2-009","GmWMC170","W2",1,36.975,NA,NA,NA,NA,NA,NA,NA,NA,NA,NA,NA,NA,NA
"W2-010","GmJMC058","W2",1,27.14,NA,NA,NA,NA,NA,NA,NA,NA,NA,NA,NA,NA,NA
"W2-011","UA-4805","W2",1,49.72,NA,NA,NA,NA,NA,NA,NA,NA,NA,NA,NA,NA,NA
"W2-012","GmWMC164","W2",1,50.515,NA,NA,NA,NA,NA,NA,NA,NA,NA,NA,NA,NA,NA
"W2-013","GmWMC042","W2",1,23.49,NA,NA,NA,NA,NA,NA,NA,NA,NA,NA,NA,NA,NA
"W2-014","GmJMC039","W2",1,46.51,NA,NA,NA,NA,NA,NA,NA,NA,NA,NA,NA,NA,NA
"W2-015","GmJMC101","W2",1,61.755,NA,NA,NA,NA,NA,NA,NA,NA,NA,NA,NA,NA,NA
"W2-016","GmJMC069","W2",1,61.05,NA,NA,NA,NA,NA,NA,NA,NA,NA,NA,NA,NA,NA
"W2-017","GmJMC033","W2",1,65.735,NA,NA,NA,NA,NA,NA,NA,NA,NA,NA,NA,NA,NA
"W2-018","GmWMC127","W2",1,52.305,NA,NA,NA,NA,NA,NA,NA,NA,NA,NA,NA,NA,NA
"W2-019","GmJMC064","W2",1,59.605,NA,NA,NA,NA,NA,NA,NA,NA,NA,NA,NA,NA,NA
"W2-020","GmWMC113","W2",1,12.58,NA,NA,NA,NA,NA,NA,NA,NA,NA,NA,NA,NA,NA
"W2-021","GmJMC177","W2",1,101.1,NA,NA,NA,NA,NA,NA,NA,NA,NA,NA,NA,NA,NA
"W2-022","GmJMC105","W2",1,72.245,NA,NA,NA,NA,NA,NA,NA,NA,NA,NA,NA,NA,NA
"W2-023","GmWMC024","W2",1,55.82,NA,NA,NA,NA,NA,NA,NA,NA,NA,NA,NA,NA,NA
"W2-024","GmJMC026","W2",1,60.615,NA,NA,NA,NA,NA,NA,NA,NA,NA,NA,NA,NA,NA
"W2-025","GmWMC143","W2",1,78.075,NA,NA,NA,NA,NA,NA,NA,NA,NA,NA,NA,NA,NA
"W2-026","GmWMC029","W2",1,56.545,NA,NA,NA,NA,NA,NA,NA,NA,NA,NA,NA,NA,NA
"W2-027","Houjaku Kuwazu","W2",1,49.965,NA,NA,NA,NA,NA,NA,NA,NA,NA,NA,NA,NA,NA
"W2-028","GmJMC007","W2",1,42.295,NA,NA,NA,NA,NA,NA,NA,NA,NA,NA,NA,NA,NA
"W2-029","GmJMC043","W2",1,49.08,NA,NA,NA,NA,NA,NA,NA,NA,NA,NA,NA,NA,NA
"W2-030","GmWMC019","W2",1,18.255,NA,NA,NA,NA,NA,NA,NA,NA,NA,NA,NA,NA,NA
"W2-031","GmJMC082","W2",1,82.645,NA,NA,NA,NA,NA,NA,NA,NA,NA,NA,NA,NA,NA
"W2-032","GmJMC149","W2",1,100.925,NA,NA,NA,NA,NA,NA,NA,NA,NA,NA,NA,NA,NA
"W2-033","5002T","W2",1,34.535,NA,NA,NA,NA,NA,NA,NA,NA,NA,NA,NA,NA,NA
"W2-034","GmWMC140","W2",1,31.24,NA,NA,NA,NA,NA,NA,NA,NA,NA,NA,NA,NA,NA
"W2-035","GmJMC004","W2",1,82.555,NA,NA,NA,NA,NA,NA,NA,NA,NA,NA,NA,NA,NA
"W2-036","GmWMC120","W2",1,40.4,NA,NA,NA,NA,NA,NA,NA,NA,NA,NA,NA,NA,NA
"W2-037","GmJMC041","W2",1,48.175,NA,NA,NA,NA,NA,NA,NA,NA,NA,NA,NA,NA,NA
"W2-038","GmWMC163","W2",1,56.585,NA,NA,NA,NA,NA,NA,NA,NA,NA,NA,NA,NA,NA
"W2-039","GmWMC012","W2",1,59.64,NA,NA,NA,NA,NA,NA,NA,NA,NA,NA,NA,NA,NA
"W2-040","GmJMC096","W2",1,74.585,NA,NA,NA,NA,NA,NA,NA,NA,NA,NA,NA,NA,NA
"W2-041","GmJMC079","W2",1,72.61,NA,NA,NA,NA,NA,NA,NA,NA,NA,NA,NA,NA,NA
"W2-042","GmJMC172","W2",1,64.95,NA,NA,NA,NA,NA,NA,NA,NA,NA,NA,NA,NA,NA
"W2-043","GmWMC118","W2",1,76.27,NA,NA,NA,NA,NA,NA,NA,NA,NA,NA,NA,NA,NA
"W2-044","GmWMC010","W2",1,40.22,NA,NA,NA,NA,NA,NA,NA,NA,NA,NA,NA,NA,NA
"W2-045","GmWMC181","W2",1,71.505,NA,NA,NA,NA,NA,NA,NA,NA,NA,NA,NA,NA,NA
"W2-046","GmJMC055","W2",1,69.045,NA,NA,NA,NA,NA,NA,NA,NA,NA,NA,NA,NA,NA
"W2-047","GmWMC186","W2",1,37.145,NA,NA,NA,NA,NA,NA,NA,NA,NA,NA,NA,NA,NA
"W2-048","GmJMC062","W2",1,102.2,NA,NA,NA,NA,NA,NA,NA,NA,NA,NA,NA,NA,NA
"W2-049","GmJMC145","W2",1,98.02,NA,NA,NA,NA,NA,NA,NA,NA,NA,NA,NA,NA,NA
"W2-050","GmWMC011","W2",1,83.925,NA,NA,NA,NA,NA,NA,NA,NA,NA,NA,NA,NA,NA
"W2-051","GmJMC030","W2",1,43.855,NA,NA,NA,NA,NA,NA,NA,NA,NA,NA,NA,NA,NA
"W2-052","GmWMC089","W2",1,58.685,NA,NA,NA,NA,NA,NA,NA,NA,NA,NA,NA,NA,NA
"W2-053","GmJMC080","W2",1,82.275,NA,NA,NA,NA,NA,NA,NA,NA,NA,NA,NA,NA,NA
"W2-054","GmWMC155","W2",1,49,NA,NA,NA,NA,NA,NA,NA,NA,NA,NA,NA,NA,NA
"W2-055","GmJMC093","W2",1,99.295,NA,NA,NA,NA,NA,NA,NA,NA,NA,NA,NA,NA,NA
"W2-056","GmJMC133","W2",1,121.48,NA,NA,NA,NA,NA,NA,NA,NA,NA,NA,NA,NA,NA
"W2-057","GmWMC022","W2",1,49.69,NA,NA,NA,NA,NA,NA,NA,NA,NA,NA,NA,NA,NA
"W2-058","GmJMC116","W2",1,101.005,NA,NA,NA,NA,NA,NA,NA,NA,NA,NA,NA,NA,NA
"W2-059","GmJMC130","W2",1,120.32,NA,NA,NA,NA,NA,NA,NA,NA,NA,NA,NA,NA,NA
"W2-060","GmJMC179","W2",1,130.72,NA,NA,NA,NA,NA,NA,NA,NA,NA,NA,NA,NA,NA
"W2-061","GmJMC139","W2",1,120.42,NA,NA,NA,NA,NA,NA,NA,NA,NA,NA,NA,NA,NA
"W2-062","GmJMC088","W2",1,97.59,NA,NA,NA,NA,NA,NA,NA,NA,NA,NA,NA,NA,NA
"W2-063","GmJMC016","W2",1,82.635,NA,NA,NA,NA,NA,NA,NA,NA,NA,NA,NA,NA,NA
"W2-064","GmJMC068","W2",1,95.38,NA,NA,NA,NA,NA,NA,NA,NA,NA,NA,NA,NA,NA
"W2-065","GmJMC097","W2",1,94.81,NA,NA,NA,NA,NA,NA,NA,NA,NA,NA,NA,NA,NA
"W2-066","C1329","W2",1,84.155,NA,NA,NA,NA,NA,NA,NA,NA,NA,NA,NA,NA,NA
"W2-067","GmJMC057","W2",1,69.605,NA,NA,NA,NA,NA,NA,NA,NA,NA,NA,NA,NA,NA
"W2-068","GmWMC048","W2",1,81.895,NA,NA,NA,NA,NA,NA,NA,NA,NA,NA,NA,NA,NA
"W2-069","GmWMC176","W2",1,69.155,NA,NA,NA,NA,NA,NA,NA,NA,NA,NA,NA,NA,NA
"W2-070","GmJMC008","W2",1,43.255,NA,NA,NA,NA,NA,NA,NA,NA,NA,NA,NA,NA,NA
"W2-071","GmWMC138","W2",1,28.11,NA,NA,NA,NA,NA,NA,NA,NA,NA,NA,NA,NA,NA
"W2-072","GmJMC137","W2",1,68.77,NA,NA,NA,NA,NA,NA,NA,NA,NA,NA,NA,NA,NA
"W2-073","GmJMC117","W2",1,72.695,NA,NA,NA,NA,NA,NA,NA,NA,NA,NA,NA,NA,NA
"W2-074","GmWMC174","W2",1,78.275,NA,NA,NA,NA,NA,NA,NA,NA,NA,NA,NA,NA,NA
"W2-075","GmWMC035","W2",1,77.345,NA,NA,NA,NA,NA,NA,NA,NA,NA,NA,NA,NA,NA
"W2-076","GmJMC090","W2",1,108.03,NA,NA,NA,NA,NA,NA,NA,NA,NA,NA,NA,NA,NA
"W2-077","GmWMC125","W2",1,113.73,NA,NA,NA,NA,NA,NA,NA,NA,NA,NA,NA,NA,NA
"W2-078","GmJMC110","W2",1,151.11,NA,NA,NA,NA,NA,NA,NA,NA,NA,NA,NA,NA,NA
"W2-079","GmJMC044","W2",1,73.365,NA,NA,NA,NA,NA,NA,NA,NA,NA,NA,NA,NA,NA
"W2-080","GmWMC147","W2",1,120.31,NA,NA,NA,NA,NA,NA,NA,NA,NA,NA,NA,NA,NA
"W2-081","GmJMC184","W2",1,89.905,NA,NA,NA,NA,NA,NA,NA,NA,NA,NA,NA,NA,NA
"W2-082","GmWMC036","W2",1,34.72,NA,NA,NA,NA,NA,NA,NA,NA,NA,NA,NA,NA,NA
"W2-083","GmJMC077","W2",1,87.025,NA,NA,NA,NA,NA,NA,NA,NA,NA,NA,NA,NA,NA
"W2-084","Tachiutaka","W2",1,126.06,NA,NA,NA,NA,NA,NA,NA,NA,NA,NA,NA,NA,NA
"W2-085","GmWMC150","W2",1,51.215,NA,NA,NA,NA,NA,NA,NA,NA,NA,NA,NA,NA,NA
"W2-086","GmJMC158","W2",1,127.055,NA,NA,NA,NA,NA,NA,NA,NA,NA,NA,NA,NA,NA
"W2-087","GmWMC148","W2",1,109.03,NA,NA,NA,NA,NA,NA,NA,NA,NA,NA,NA,NA,NA
"W2-088","C1290","W2",1,88.385,NA,NA,NA,NA,NA,NA,NA,NA,NA,NA,NA,NA,NA
"W2-089","GmWMC165","W2",1,113.45,NA,NA,NA,NA,NA,NA,NA,NA,NA,NA,NA,NA,NA
"W2-090","GmWMC189","W2",1,84.61,NA,NA,NA,NA,NA,NA,NA,NA,NA,NA,NA,NA,NA
"W2-091","GmWMC066","W2",1,109.595,NA,NA,NA,NA,NA,NA,NA,NA,NA,NA,NA,NA,NA
"W2-092","GmJMC053","W2",1,105.47,NA,NA,NA,NA,NA,NA,NA,NA,NA,NA,NA,NA,NA
"W2-093","GmWMC162","W2",1,78.135,NA,NA,NA,NA,NA,NA,NA,NA,NA,NA,NA,NA,NA
"W2-094","GmWMC115","W2",1,113.605,NA,NA,NA,NA,NA,NA,NA,NA,NA,NA,NA,NA,NA
"W2-095","GmWMC084","W2",1,88.52,NA,NA,NA,NA,NA,NA,NA,NA,NA,NA,NA,NA,NA
"W2-096","GmJMC081","W2",1,114.16,NA,NA,NA,NA,NA,NA,NA,NA,NA,NA,NA,NA,NA
"W2-097","GmWMC153","W2",1,137.37,NA,NA,NA,NA,NA,NA,NA,NA,NA,NA,NA,NA,NA
"W2-098","GmWMC046","W2",1,53.23,NA,NA,NA,NA,NA,NA,NA,NA,NA,NA,NA,NA,NA
"W2-099","C0394","W2",1,82.66,NA,NA,NA,NA,NA,NA,NA,NA,NA,NA,NA,NA,NA
"W2-100","GmJMC128","W2",1,63.725,NA,NA,NA,NA,NA,NA,NA,NA,NA,NA,NA,NA,NA
"W2-101","GmJMC013","W2",1,65.21,NA,NA,NA,NA,NA,NA,NA,NA,NA,NA,NA,NA,NA
"W2-102","GmJMC106","W2",1,98.62,NA,NA,NA,NA,NA,NA,NA,NA,NA,NA,NA,NA,NA
"W2-103","GmJMC065","W2",1,81.055,NA,NA,NA,NA,NA,NA,NA,NA,NA,NA,NA,NA,NA
"W2-104","GmJMC180","W2",1,103.14,NA,NA,NA,NA,NA,NA,NA,NA,NA,NA,NA,NA,NA
"W2-105","GmJMC085","W2",1,155.625,NA,NA,NA,NA,NA,NA,NA,NA,NA,NA,NA,NA,NA
"W2-106","GmWMC156","W2",1,72.92,NA,NA,NA,NA,NA,NA,NA,NA,NA,NA,NA,NA,NA
"W2-107","GmWMC018","W2",1,76.225,NA,NA,NA,NA,NA,NA,NA,NA,NA,NA,NA,NA,NA
"W2-108","GmWMC086","W2",1,56.9,NA,NA,NA,NA,NA,NA,NA,NA,NA,NA,NA,NA,NA
"W2-109","GmWMC122","W2",1,104.245,NA,NA,NA,NA,NA,NA,NA,NA,NA,NA,NA,NA,NA
"W2-110","GmJMC056","W2",1,80.4,NA,NA,NA,NA,NA,NA,NA,NA,NA,NA,NA,NA,NA
"W2-111","GmJMC003","W2",1,71.55,NA,NA,NA,NA,NA,NA,NA,NA,NA,NA,NA,NA,NA
"W2-112","GmWMC178","W2",1,87.175,NA,NA,NA,NA,NA,NA,NA,NA,NA,NA,NA,NA,NA
"W2-113","GmJMC060","W2",1,112.555,NA,NA,NA,NA,NA,NA,NA,NA,NA,NA,NA,NA,NA
"W2-114","GmWMC187","W2",1,91.305,NA,NA,NA,NA,NA,NA,NA,NA,NA,NA,NA,NA,NA
"W2-115","GmWMC001","W2",1,31.195,NA,NA,NA,NA,NA,NA,NA,NA,NA,NA,NA,NA,NA
"W2-116","GmWMC074","W2",1,53.475,NA,NA,NA,NA,NA,NA,NA,NA,NA,NA,NA,NA,NA
"W2-117","GmWMC045","W2",1,104.6,NA,NA,NA,NA,NA,NA,NA,NA,NA,NA,NA,NA,NA
"W2-118","GmWMC073","W2",1,94.07,NA,NA,NA,NA,NA,NA,NA,NA,NA,NA,NA,NA,NA
"W2-119","GmWMC173","W2",1,107.95,NA,NA,NA,NA,NA,NA,NA,NA,NA,NA,NA,NA,NA
"W2-120","GmWMC124","W2",1,82.57,NA,NA,NA,NA,NA,NA,NA,NA,NA,NA,NA,NA,NA
"W2-121","GmWMC027","W2",1,123.39,NA,NA,NA,NA,NA,NA,NA,NA,NA,NA,NA,NA,NA
"W2-122","GmWMC175","W2",1,131.06,NA,NA,NA,NA,NA,NA,NA,NA,NA,NA,NA,NA,NA
"W2-123","GmJMC112","W2",1,112.125,NA,NA,NA,NA,NA,NA,NA,NA,NA,NA,NA,NA,NA
"W2-124","GmWMC171","W2",1,108.87,NA,NA,NA,NA,NA,NA,NA,NA,NA,NA,NA,NA,NA
"W2-125","GmWMC151","W2",1,95.92,NA,NA,NA,NA,NA,NA,NA,NA,NA,NA,NA,NA,NA
"W2-126","GmWMC038","W2",1,67.995,NA,NA,NA,NA,NA,NA,NA,NA,NA,NA,NA,NA,NA
"W2-127","GmJMC104","W2",1,113.95,NA,NA,NA,NA,NA,NA,NA,NA,NA,NA,NA,NA,NA
"W2-128","GmJMC032","W2",1,44.2,NA,NA,NA,NA,NA,NA,NA,NA,NA,NA,NA,NA,NA
"W2-129","GmWMC072","W2",1,79.905,NA,NA,NA,NA,NA,NA,NA,NA,NA,NA,NA,NA,NA
"W2-130","GmWMC166","W2",1,69.875,NA,NA,NA,NA,NA,NA,NA,NA,NA,NA,NA,NA,NA
"W2-131","GmJMC167","W2",1,138.96,NA,NA,NA,NA,NA,NA,NA,NA,NA,NA,NA,NA,NA
"W2-132","GmWMC132","W2",1,66.155,NA,NA,NA,NA,NA,NA,NA,NA,NA,NA,NA,NA,NA
"W2-133","GmWMC020","W2",1,93.355,NA,NA,NA,NA,NA,NA,NA,NA,NA,NA,NA,NA,NA
"W2-134","GmWMC006","W2",1,40.125,NA,NA,NA,NA,NA,NA,NA,NA,NA,NA,NA,NA,NA
"W2-135","GmWMC107","W2",1,31.09,NA,NA,NA,NA,NA,NA,NA,NA,NA,NA,NA,NA,NA
"W2-136","GmWMC134","W2",1,22.515,NA,NA,NA,NA,NA,NA,NA,NA,NA,NA,NA,NA,NA
"W2-137","GmJMC161","W2",1,75.235,NA,NA,NA,NA,NA,NA,NA,NA,NA,NA,NA,NA,NA
"W2-138","GmWMC141","W2",1,44.12,NA,NA,NA,NA,NA,NA,NA,NA,NA,NA,NA,NA,NA
"W2-139","GmJMC067","W2",1,93.845,NA,NA,NA,NA,NA,NA,NA,NA,NA,NA,NA,NA,NA
"W2-140","GmWMC070","W2",1,76.375,NA,NA,NA,NA,NA,NA,NA,NA,NA,NA,NA,NA,NA
"W2-141","GmJMC126","W2",1,93.87,NA,NA,NA,NA,NA,NA,NA,NA,NA,NA,NA,NA,NA
"W2-142","GmJMC095","W2",1,65.045,NA,NA,NA,NA,NA,NA,NA,NA,NA,NA,NA,NA,NA
"W2-143","C1322","W2",1,62.52,NA,NA,NA,NA,NA,NA,NA,NA,NA,NA,NA,NA,NA
"W2-144","GmWMC109","W2",1,44.605,NA,NA,NA,NA,NA,NA,NA,NA,NA,NA,NA,NA,NA
"W2-145","GmJMC034","W2",1,64.95,NA,NA,NA,NA,NA,NA,NA,NA,NA,NA,NA,NA,NA
"W2-146","GmJMC100","W2",1,95.455,NA,NA,NA,NA,NA,NA,NA,NA,NA,NA,NA,NA,NA
"W2-147","GmWMC182","W2",1,62.76,NA,NA,NA,NA,NA,NA,NA,NA,NA,NA,NA,NA,NA
"W2-148","GmWMC146","W2",1,57.295,NA,NA,NA,NA,NA,NA,NA,NA,NA,NA,NA,NA,NA
"W2-149","GmWMC136","W2",1,50.7,NA,NA,NA,NA,NA,NA,NA,NA,NA,NA,NA,NA,NA
"W2-150","GmJMC002","W2",1,20.935,NA,NA,NA,NA,NA,NA,NA,NA,NA,NA,NA,NA,NA
"W2-151","GmWMC152","W2",1,80.995,NA,NA,NA,NA,NA,NA,NA,NA,NA,NA,NA,NA,NA
"W2-152","GmJMC099","W2",1,128.79,NA,NA,NA,NA,NA,NA,NA,NA,NA,NA,NA,NA,NA
"W2-153","GmJMC025","W2",1,76.44,NA,NA,NA,NA,NA,NA,NA,NA,NA,NA,NA,NA,NA
"W2-154","GmJMC078","W2",1,75.01,NA,NA,NA,NA,NA,NA,NA,NA,NA,NA,NA,NA,NA
"W2-155","GmWMC087","W2",1,40.835,NA,NA,NA,NA,NA,NA,NA,NA,NA,NA,NA,NA,NA
"W2-156","GmJMC023","W2",1,80,NA,NA,NA,NA,NA,NA,NA,NA,NA,NA,NA,NA,NA
"W2-157","GmJMC061","W2",1,106.265,NA,NA,NA,NA,NA,NA,NA,NA,NA,NA,NA,NA,NA
"W2-158","GmWMC169","W2",1,66.845,NA,NA,NA,NA,NA,NA,NA,NA,NA,NA,NA,NA,NA
"W2-159","GmWMC142","W2",1,74.05,NA,NA,NA,NA,NA,NA,NA,NA,NA,NA,NA,NA,NA
"W2-160","GmJMC051","W2",1,78.12,NA,NA,NA,NA,NA,NA,NA,NA,NA,NA,NA,NA,NA
"W2-161","GmJMC091","W2",1,101.82,NA,NA,NA,NA,NA,NA,NA,NA,NA,NA,NA,NA,NA
"W2-162","GmJMC049","W2",1,79.405,NA,NA,NA,NA,NA,NA,NA,NA,NA,NA,NA,NA,NA
"W2-163","GmJMC102","W2",1,134.035,NA,NA,NA,NA,NA,NA,NA,NA,NA,NA,NA,NA,NA
"W2-164","GmJMC009","W2",1,63.555,NA,NA,NA,NA,NA,NA,NA,NA,NA,NA,NA,NA,NA
"W2-165","GmWMC183","W2",1,84.99,NA,NA,NA,NA,NA,NA,NA,NA,NA,NA,NA,NA,NA
"W2-166","GmWMC190","W2",1,98.71,NA,NA,NA,NA,NA,NA,NA,NA,NA,NA,NA,NA,NA
"W2-167","GmWMC154","W2",1,114.795,NA,NA,NA,NA,NA,NA,NA,NA,NA,NA,NA,NA,NA
"W2-168","GmJMC052","W2",1,51.75,NA,NA,NA,NA,NA,NA,NA,NA,NA,NA,NA,NA,NA
"W2-169","GmWMC188","W2",1,84.895,NA,NA,NA,NA,NA,NA,NA,NA,NA,NA,NA,NA,NA
"W2-170","GmWMC083","W2",1,99.55,NA,NA,NA,NA,NA,NA,NA,NA,NA,NA,NA,NA,NA
"W2-171","GmWMC157","W2",1,22.365,NA,NA,NA,NA,NA,NA,NA,NA,NA,NA,NA,NA,NA
"W2-172","GmJMC121","W2",1,58.37,NA,NA,NA,NA,NA,NA,NA,NA,NA,NA,NA,NA,NA
"W2-173","GmWMC094","W2",1,81.64,NA,NA,NA,NA,NA,NA,NA,NA,NA,NA,NA,NA,NA
"W2-174","GmJMC005","W2",1,77.23,NA,NA,NA,NA,NA,NA,NA,NA,NA,NA,NA,NA,NA
"W2-175","GmWMC168","W2",1,93.455,NA,NA,NA,NA,NA,NA,NA,NA,NA,NA,NA,NA,NA
"W2-176","GmJMC050","W2",1,72.495,NA,NA,NA,NA,NA,NA,NA,NA,NA,NA,NA,NA,NA
"W2-177","GmWMC192","W2",1,71.405,NA,NA,NA,NA,NA,NA,NA,NA,NA,NA,NA,NA,NA
"W2-178","GmJMC098","W2",1,116.945,NA,NA,NA,NA,NA,NA,NA,NA,NA,NA,NA,NA,NA
"W2-179","GmWMC075","W2",1,89.485,NA,NA,NA,NA,NA,NA,NA,NA,NA,NA,NA,NA,NA
"W2-180","GmJMC040","W2",1,121.635,NA,NA,NA,NA,NA,NA,NA,NA,NA,NA,NA,NA,NA
"W2-181","GmJMC017","W2",1,77.38,NA,NA,NA,NA,NA,NA,NA,NA,NA,NA,NA,NA,NA
"W2-182","GmWMC185","W2",1,128.94,NA,NA,NA,NA,NA,NA,NA,NA,NA,NA,NA,NA,NA
"W2-183","GmWMC159","W2",1,99.09,NA,NA,NA,NA,NA,NA,NA,NA,NA,NA,NA,NA,NA
"W2-184","GmJMC063","W2",1,142.63,NA,NA,NA,NA,NA,NA,NA,NA,NA,NA,NA,NA,NA
"W2-185","GmWMC129","W2",1,101.585,NA,NA,NA,NA,NA,NA,NA,NA,NA,NA,NA,NA,NA
"W2-186","GmJMC031","W2",1,119.805,NA,NA,NA,NA,NA,NA,NA,NA,NA,NA,NA,NA,NA
"W2-187","GmJMC021","W2",1,74.57,NA,NA,NA,NA,NA,NA,NA,NA,NA,NA,NA,NA,NA
"W2-188","GmJMC047","W2",1,118.22,NA,NA,NA,NA,NA,NA,NA,NA,NA,NA,NA,NA,NA
"W2-189","GmWMC015","W2",1,53.33,NA,NA,NA,NA,NA,NA,NA,NA,NA,NA,NA,NA,NA
"W2-190","GmJMC076","W2",1,112.065,NA,NA,NA,NA,NA,NA,NA,NA,NA,NA,NA,NA,NA
"W2-191","GmJMC059","W2",1,93.085,NA,NA,NA,NA,NA,NA,NA,NA,NA,NA,NA,NA,NA
"W2-192","GmWMC135","W2",1,131.37,NA,NA,NA,NA,NA,NA,NA,NA,NA,NA,NA,NA,NA
"W2-193","GmWMC108","W2",1,68.32,NA,NA,NA,NA,NA,NA,NA,NA,NA,NA,NA,NA,NA
"W2-194","GmJMC131","W2",1,127.915,NA,NA,NA,NA,NA,NA,NA,NA,NA,NA,NA,NA,NA
"W2-195","GmJMC114","W2",1,146.08,NA,NA,NA,NA,NA,NA,NA,NA,NA,NA,NA,NA,NA
"W2-196","GmJMC092","W2",1,93.36,NA,NA,NA,NA,NA,NA,NA,NA,NA,NA,NA,NA,NA
"W2-197","GmJMC111","W2",1,120.07,NA,NA,NA,NA,NA,NA,NA,NA,NA,NA,NA,NA,NA
"W2-198","GmWMC103","W2",1,38.18,NA,NA,NA,NA,NA,NA,NA,NA,NA,NA,NA,NA,NA
"W2-199","GmJMC037","W2",1,99.07,NA,NA,NA,NA,NA,NA,NA,NA,NA,NA,NA,NA,NA
"W2-200","GmWMC144","W2",1,93.615,NA,NA,NA,NA,NA,NA,NA,NA,NA,NA,NA,NA,NA
"W3-001","GmJMC054","W3",1,139.345,NA,NA,NA,NA,NA,NA,NA,NA,NA,NA,NA,NA,NA
"W3-002","GmWMC187","W3",1,56.97,NA,NA,NA,NA,NA,NA,NA,NA,NA,NA,NA,NA,NA
"W3-003","GmWMC108","W3",1,90.145,NA,NA,NA,NA,NA,NA,NA,NA,NA,NA,NA,NA,NA
"W3-004","GmWMC175","W3",1,103.025,NA,NA,NA,NA,NA,NA,NA,NA,NA,NA,NA,NA,NA
"W3-005","GmWMC148","W3",1,69.025,NA,NA,NA,NA,NA,NA,NA,NA,NA,NA,NA,NA,NA
"W3-006","GmJMC023","W3",1,81.635,NA,NA,NA,NA,NA,NA,NA,NA,NA,NA,NA,NA,NA
"W3-007","GmJMC104","W3",1,108.675,NA,NA,NA,NA,NA,NA,NA,NA,NA,NA,NA,NA,NA
"W3-008","GmWMC178","W3",1,98.465,NA,NA,NA,NA,NA,NA,NA,NA,NA,NA,NA,NA,NA
"W3-009","GmJMC005","W3",1,91.115,NA,NA,NA,NA,NA,NA,NA,NA,NA,NA,NA,NA,NA
"W3-010","GmJMC064","W3",1,75.215,NA,NA,NA,NA,NA,NA,NA,NA,NA,NA,NA,NA,NA
"W3-011","GmWMC123","W3",1,96.09,NA,NA,NA,NA,NA,NA,NA,NA,NA,NA,NA,NA,NA
"W3-012","GmJMC095","W3",1,114.2,NA,NA,NA,NA,NA,NA,NA,NA,NA,NA,NA,NA,NA
"W3-013","GmWMC190","W3",1,105.695,NA,NA,NA,NA,NA,NA,NA,NA,NA,NA,NA,NA,NA
"W3-014","GmWMC022","W3",1,71.605,NA,NA,NA,NA,NA,NA,NA,NA,NA,NA,NA,NA,NA
"W3-015","GmWMC019","W3",1,51.79,NA,NA,NA,NA,NA,NA,NA,NA,NA,NA,NA,NA,NA
"W3-016","GmWMC162","W3",1,60.56,NA,NA,NA,NA,NA,NA,NA,NA,NA,NA,NA,NA,NA
"W3-017","GmJMC085","W3",1,148.795,NA,NA,NA,NA,NA,NA,NA,NA,NA,NA,NA,NA,NA
"W3-018","GmJMC017","W3",1,87.35,NA,NA,NA,NA,NA,NA,NA,NA,NA,NA,NA,NA,NA
"W3-019","GmWMC168","W3",1,64.38,NA,NA,NA,NA,NA,NA,NA,NA,NA,NA,NA,NA,NA
"W3-020","GmWMC115","W3",1,129.74,NA,NA,NA,NA,NA,NA,NA,NA,NA,NA,NA,NA,NA
"W3-021","GmJMC180","W3",1,98.65,NA,NA,NA,NA,NA,NA,NA,NA,NA,NA,NA,NA,NA
"W3-022","GmWMC125","W3",1,109.35,NA,NA,NA,NA,NA,NA,NA,NA,NA,NA,NA,NA,NA
"W3-023","GmJMC037","W3",1,95.94,NA,NA,NA,NA,NA,NA,NA,NA,NA,NA,NA,NA,NA
"W3-024","GmWMC141","W3",1,46.32,NA,NA,NA,NA,NA,NA,NA,NA,NA,NA,NA,NA,NA
"W3-025","GmJMC057","W3",1,54.7,NA,NA,NA,NA,NA,NA,NA,NA,NA,NA,NA,NA,NA
"W3-026","Tachiutaka","W3",1,88.295,NA,NA,NA,NA,NA,NA,NA,NA,NA,NA,NA,NA,NA
"W3-027","C1329","W3",1,72.125,NA,NA,NA,NA,NA,NA,NA,NA,NA,NA,NA,NA,NA
"W3-028","GmWMC107","W3",1,79.73,NA,NA,NA,NA,NA,NA,NA,NA,NA,NA,NA,NA,NA
"W3-029","GmJMC050","W3",1,59.06,NA,NA,NA,NA,NA,NA,NA,NA,NA,NA,NA,NA,NA
"W3-030","GmJMC009","W3",1,57.76,NA,NA,NA,NA,NA,NA,NA,NA,NA,NA,NA,NA,NA
"W3-031","GmWMC124","W3",1,71.995,NA,NA,NA,NA,NA,NA,NA,NA,NA,NA,NA,NA,NA
"W3-032","GmWMC048","W3",1,90.88,NA,NA,NA,NA,NA,NA,NA,NA,NA,NA,NA,NA,NA
"W3-033","Houjaku Kuwazu","W3",1,62.53,NA,NA,NA,NA,NA,NA,NA,NA,NA,NA,NA,NA,NA
"W3-034","GmWMC083","W3",1,79.535,NA,NA,NA,NA,NA,NA,NA,NA,NA,NA,NA,NA,NA
"W3-035","GmWMC140","W3",1,35.6,NA,NA,NA,NA,NA,NA,NA,NA,NA,NA,NA,NA,NA
"W3-036","GmJMC133","W3",1,87.03,NA,NA,NA,NA,NA,NA,NA,NA,NA,NA,NA,NA,NA
"W3-037","GmWMC024","W3",1,60.605,NA,NA,NA,NA,NA,NA,NA,NA,NA,NA,NA,NA,NA
"W3-038","GmWMC185","W3",1,99.8,NA,NA,NA,NA,NA,NA,NA,NA,NA,NA,NA,NA,NA
"W3-039","GmJMC172","W3",1,18.675,NA,NA,NA,NA,NA,NA,NA,NA,NA,NA,NA,NA,NA
"W3-040","GmJMC145","W3",1,60.48,NA,NA,NA,NA,NA,NA,NA,NA,NA,NA,NA,NA,NA
"W3-041","GmWMC011","W3",1,92.535,NA,NA,NA,NA,NA,NA,NA,NA,NA,NA,NA,NA,NA
"W3-042","GmJMC184","W3",1,98.505,NA,NA,NA,NA,NA,NA,NA,NA,NA,NA,NA,NA,NA
"W3-043","GmJMC082","W3",1,78.745,NA,NA,NA,NA,NA,NA,NA,NA,NA,NA,NA,NA,NA
"W3-044","GmWMC174","W3",1,55.44,NA,NA,NA,NA,NA,NA,NA,NA,NA,NA,NA,NA,NA
"W3-045","GmJMC021","W3",1,107.08,NA,NA,NA,NA,NA,NA,NA,NA,NA,NA,NA,NA,NA
"W3-046","GmJMC043","W3",1,80.79,NA,NA,NA,NA,NA,NA,NA,NA,NA,NA,NA,NA,NA
"W3-047","GmJMC007","W3",1,56.23,NA,NA,NA,NA,NA,NA,NA,NA,NA,NA,NA,NA,NA
"W3-048","GmJMC126","W3",1,87.615,NA,NA,NA,NA,NA,NA,NA,NA,NA,NA,NA,NA,NA
"W3-049","GmJMC053","W3",1,62.405,NA,NA,NA,NA,NA,NA,NA,NA,NA,NA,NA,NA,NA
"W3-050","GmWMC160","W3",1,29.825,NA,NA,NA,NA,NA,NA,NA,NA,NA,NA,NA,NA,NA
"W3-051","C1290","W3",1,27.92,NA,NA,NA,NA,NA,NA,NA,NA,NA,NA,NA,NA,NA
"W3-052","GmWMC182","W3",1,45.25,NA,NA,NA,NA,NA,NA,NA,NA,NA,NA,NA,NA,NA
"W3-053","GmWMC169","W3",1,46.41,NA,NA,NA,NA,NA,NA,NA,NA,NA,NA,NA,NA,NA
"W3-054","GmWMC075","W3",1,87.83,NA,NA,NA,NA,NA,NA,NA,NA,NA,NA,NA,NA,NA
"W3-055","GmWMC132","W3",1,101.54,NA,NA,NA,NA,NA,NA,NA,NA,NA,NA,NA,NA,NA
"W3-056","GmJMC047","W3",1,75.895,NA,NA,NA,NA,NA,NA,NA,NA,NA,NA,NA,NA,NA
"W3-057","GmJMC079","W3",1,97.36,NA,NA,NA,NA,NA,NA,NA,NA,NA,NA,NA,NA,NA
"W3-058","GmJMC016","W3",1,52.19,NA,NA,NA,NA,NA,NA,NA,NA,NA,NA,NA,NA,NA
"W3-059","GmWMC144","W3",1,42.085,NA,NA,NA,NA,NA,NA,NA,NA,NA,NA,NA,NA,NA
"W3-060","GmJMC033","W3",1,75.61,NA,NA,NA,NA,NA,NA,NA,NA,NA,NA,NA,NA,NA
"W3-061","GmJMC096","W3",1,99.71,NA,NA,NA,NA,NA,NA,NA,NA,NA,NA,NA,NA,NA
"W3-062","GmWMC038","W3",1,95.61,NA,NA,NA,NA,NA,NA,NA,NA,NA,NA,NA,NA,NA
"W3-063","GmWMC181","W3",1,72.005,NA,NA,NA,NA,NA,NA,NA,NA,NA,NA,NA,NA,NA
"W3-064","GmWMC006","W3",1,98.745,NA,NA,NA,NA,NA,NA,NA,NA,NA,NA,NA,NA,NA
"W3-065","GmJMC062","W3",1,130.245,NA,NA,NA,NA,NA,NA,NA,NA,NA,NA,NA,NA,NA
"W3-066","GmWMC020","W3",1,94.86,NA,NA,NA,NA,NA,NA,NA,NA,NA,NA,NA,NA,NA
"W3-067","GmJMC101","W3",1,101.885,NA,NA,NA,NA,NA,NA,NA,NA,NA,NA,NA,NA,NA
"W3-068","GmJMC002","W3",1,31.25,NA,NA,NA,NA,NA,NA,NA,NA,NA,NA,NA,NA,NA
"W3-069","GmWMC186","W3",1,24.17,NA,NA,NA,NA,NA,NA,NA,NA,NA,NA,NA,NA,NA
"W3-070","GmWMC176","W3",1,76.855,NA,NA,NA,NA,NA,NA,NA,NA,NA,NA,NA,NA,NA
"W3-071","GmWMC157","W3",1,24.59,NA,NA,NA,NA,NA,NA,NA,NA,NA,NA,NA,NA,NA
"W3-072","GmJMC116","W3",1,97.67,NA,NA,NA,NA,NA,NA,NA,NA,NA,NA,NA,NA,NA
"W3-073","GmWMC142","W3",1,83.92,NA,NA,NA,NA,NA,NA,NA,NA,NA,NA,NA,NA,NA
"W3-074","GmWMC156","W3",1,56.915,NA,NA,NA,NA,NA,NA,NA,NA,NA,NA,NA,NA,NA
"W3-075","GmWMC018","W3",1,56.08,NA,NA,NA,NA,NA,NA,NA,NA,NA,NA,NA,NA,NA
"W3-076","GmJMC003","W3",1,76.795,NA,NA,NA,NA,NA,NA,NA,NA,NA,NA,NA,NA,NA
"W3-077","GmJMC040","W3",1,112.65,NA,NA,NA,NA,NA,NA,NA,NA,NA,NA,NA,NA,NA
"W3-078","GmWMC035","W3",1,83.99,NA,NA,NA,NA,NA,NA,NA,NA,NA,NA,NA,NA,NA
"W3-079","GmWMC010","W3",1,81.805,NA,NA,NA,NA,NA,NA,NA,NA,NA,NA,NA,NA,NA
"W3-080","GmWMC036","W3",1,20.285,NA,NA,NA,NA,NA,NA,NA,NA,NA,NA,NA,NA,NA
"W3-081","GmWMC103","W3",1,82.19,NA,NA,NA,NA,NA,NA,NA,NA,NA,NA,NA,NA,NA
"W3-082","GmWMC165","W3",1,85.725,NA,NA,NA,NA,NA,NA,NA,NA,NA,NA,NA,NA,NA
"W3-083","GmWMC109","W3",1,98.03,NA,NA,NA,NA,NA,NA,NA,NA,NA,NA,NA,NA,NA
"W3-084","GmWMC152","W3",1,68.125,NA,NA,NA,NA,NA,NA,NA,NA,NA,NA,NA,NA,NA
"W3-085","GmWMC122","W3",1,86.85,NA,NA,NA,NA,NA,NA,NA,NA,NA,NA,NA,NA,NA
"W3-086","GmWMC191","W3",1,58.5,NA,NA,NA,NA,NA,NA,NA,NA,NA,NA,NA,NA,NA
"W3-087","GmWMC120","W3",1,46.385,NA,NA,NA,NA,NA,NA,NA,NA,NA,NA,NA,NA,NA
"W3-088","GmJMC106","W3",1,76.495,NA,NA,NA,NA,NA,NA,NA,NA,NA,NA,NA,NA,NA
"W3-089","GmJMC131","W3",1,88.3,NA,NA,NA,NA,NA,NA,NA,NA,NA,NA,NA,NA,NA
"W3-090","GmWMC173","W3",1,45.05,NA,NA,NA,NA,NA,NA,NA,NA,NA,NA,NA,NA,NA
"W3-091","GmWMC119","W3",1,62.46,NA,NA,NA,NA,NA,NA,NA,NA,NA,NA,NA,NA,NA
"W3-092","GmWMC188","W3",1,46.905,NA,NA,NA,NA,NA,NA,NA,NA,NA,NA,NA,NA,NA
"W3-093","GmWMC166","W3",1,54.57,NA,NA,NA,NA,NA,NA,NA,NA,NA,NA,NA,NA,NA
"W3-094","GmJMC097","W3",1,126.375,NA,NA,NA,NA,NA,NA,NA,NA,NA,NA,NA,NA,NA
"W3-095","GmJMC039","W3",1,89.55,NA,NA,NA,NA,NA,NA,NA,NA,NA,NA,NA,NA,NA
"W3-096","GmJMC051","W3",1,108.7,NA,NA,NA,NA,NA,NA,NA,NA,NA,NA,NA,NA,NA
"W3-097","GmJMC092","W3",1,133.93,NA,NA,NA,NA,NA,NA,NA,NA,NA,NA,NA,NA,NA
"W3-098","GmJMC067","W3",1,79.325,NA,NA,NA,NA,NA,NA,NA,NA,NA,NA,NA,NA,NA
"W3-099","GmWMC143","W3",1,95.945,NA,NA,NA,NA,NA,NA,NA,NA,NA,NA,NA,NA,NA
"W3-100","GmJMC139","W3",1,87.825,NA,NA,NA,NA,NA,NA,NA,NA,NA,NA,NA,NA,NA
"W3-101","GmWMC014","W3",1,96.32,NA,NA,NA,NA,NA,NA,NA,NA,NA,NA,NA,NA,NA
"W3-102","GmWMC153","W3",1,69.435,NA,NA,NA,NA,NA,NA,NA,NA,NA,NA,NA,NA,NA
"W3-103","GmWMC074","W3",1,43.615,NA,NA,NA,NA,NA,NA,NA,NA,NA,NA,NA,NA,NA
"W3-104","GmWMC089","W3",1,45.67,NA,NA,NA,NA,NA,NA,NA,NA,NA,NA,NA,NA,NA
"W3-105","GmJMC117","W3",1,47.48,NA,NA,NA,NA,NA,NA,NA,NA,NA,NA,NA,NA,NA
"W3-106","GmJMC060","W3",1,102.95,NA,NA,NA,NA,NA,NA,NA,NA,NA,NA,NA,NA,NA
"W3-107","GmJMC063","W3",1,112.655,NA,NA,NA,NA,NA,NA,NA,NA,NA,NA,NA,NA,NA
"W3-108","GmJMC008","W3",1,55.97,NA,NA,NA,NA,NA,NA,NA,NA,NA,NA,NA,NA,NA
"W3-109","GmJMC049","W3",1,72.67,NA,NA,NA,NA,NA,NA,NA,NA,NA,NA,NA,NA,NA
"W3-110","GmWMC042","W3",1,45.73,NA,NA,NA,NA,NA,NA,NA,NA,NA,NA,NA,NA,NA
"W3-111","GmWMC127","W3",1,89.175,NA,NA,NA,NA,NA,NA,NA,NA,NA,NA,NA,NA,NA
"W3-112","GmJMC179","W3",1,129.56,NA,NA,NA,NA,NA,NA,NA,NA,NA,NA,NA,NA,NA
"W3-113","GmWMC171","W3",1,94.595,NA,NA,NA,NA,NA,NA,NA,NA,NA,NA,NA,NA,NA
"W3-114","GmWMC164","W3",1,115.425,NA,NA,NA,NA,NA,NA,NA,NA,NA,NA,NA,NA,NA
"W3-115","GmJMC158","W3",1,108.065,NA,NA,NA,NA,NA,NA,NA,NA,NA,NA,NA,NA,NA
"W3-116","GmJMC112","W3",1,124.9,NA,NA,NA,NA,NA,NA,NA,NA,NA,NA,NA,NA,NA
"W3-117","GmWMC012","W3",1,66.245,NA,NA,NA,NA,NA,NA,NA,NA,NA,NA,NA,NA,NA
"W3-118","GmJMC098","W3",1,96.725,NA,NA,NA,NA,NA,NA,NA,NA,NA,NA,NA,NA,NA
"W3-119","GmJMC059","W3",1,89.05,NA,NA,NA,NA,NA,NA,NA,NA,NA,NA,NA,NA,NA
"W3-120","GmJMC055","W3",1,97.27,NA,NA,NA,NA,NA,NA,NA,NA,NA,NA,NA,NA,NA
"W3-121","GmJMC068","W3",1,96.56,NA,NA,NA,NA,NA,NA,NA,NA,NA,NA,NA,NA,NA
"W3-122","GmWMC027","W3",1,89.465,NA,NA,NA,NA,NA,NA,NA,NA,NA,NA,NA,NA,NA
"W3-123","GmJMC111","W3",1,97.58,NA,NA,NA,NA,NA,NA,NA,NA,NA,NA,NA,NA,NA
"W3-124","UA-4805","W3",1,76.06,NA,NA,NA,NA,NA,NA,NA,NA,NA,NA,NA,NA,NA
"W3-125","GmJMC076","W3",1,79.95,NA,NA,NA,NA,NA,NA,NA,NA,NA,NA,NA,NA,NA
"W3-126","GmJMC128","W3",1,87.335,NA,NA,NA,NA,NA,NA,NA,NA,NA,NA,NA,NA,NA
"W3-127","GmWMC113","W3",1,60.95,NA,NA,NA,NA,NA,NA,NA,NA,NA,NA,NA,NA,NA
"W3-128","GmJMC130","W3",1,96.505,NA,NA,NA,NA,NA,NA,NA,NA,NA,NA,NA,NA,NA
"W3-129","GmJMC034","W3",1,89.01,NA,NA,NA,NA,NA,NA,NA,NA,NA,NA,NA,NA,NA
"W3-130","GmWMC066","W3",1,127.16,NA,NA,NA,NA,NA,NA,NA,NA,NA,NA,NA,NA,NA
"W3-131","GmJMC137","W3",1,103.305,NA,NA,NA,NA,NA,NA,NA,NA,NA,NA,NA,NA,NA
"W3-132","GmWMC029","W3",1,86.675,NA,NA,NA,NA,NA,NA,NA,NA,NA,NA,NA,NA,NA
"W3-133","GmWMC159","W3",1,40.55,NA,NA,NA,NA,NA,NA,NA,NA,NA,NA,NA,NA,NA
"W3-134","GmJMC090","W3",1,99.62,NA,NA,NA,NA,NA,NA,NA,NA,NA,NA,NA,NA,NA
"W3-135","GmWMC070","W3",1,97.44,NA,NA,NA,NA,NA,NA,NA,NA,NA,NA,NA,NA,NA
"W3-136","GmJMC088","W3",1,112.285,NA,NA,NA,NA,NA,NA,NA,NA,NA,NA,NA,NA,NA
"W3-137","GmWMC046","W3",1,52.01,NA,NA,NA,NA,NA,NA,NA,NA,NA,NA,NA,NA,NA
"W3-138","GmWMC155","W3",1,39.615,NA,NA,NA,NA,NA,NA,NA,NA,NA,NA,NA,NA,NA
"W3-139","GmWMC135","W3",1,114.565,NA,NA,NA,NA,NA,NA,NA,NA,NA,NA,NA,NA,NA
"W3-140","GmWMC134","W3",1,31.325,NA,NA,NA,NA,NA,NA,NA,NA,NA,NA,NA,NA,NA
"W3-141","GmJMC102","W3",1,155.39,NA,NA,NA,NA,NA,NA,NA,NA,NA,NA,NA,NA,NA
"W3-142","GmWMC129","W3",1,48.25,NA,NA,NA,NA,NA,NA,NA,NA,NA,NA,NA,NA,NA
"W3-143","GmJMC052","W3",1,72.225,NA,NA,NA,NA,NA,NA,NA,NA,NA,NA,NA,NA,NA
"W3-144","GmJMC177","W3",1,98.025,NA,NA,NA,NA,NA,NA,NA,NA,NA,NA,NA,NA,NA
"W3-145","GmWMC072","W3",1,77.595,NA,NA,NA,NA,NA,NA,NA,NA,NA,NA,NA,NA,NA
"W3-146","GmJMC105","W3",1,109.145,NA,NA,NA,NA,NA,NA,NA,NA,NA,NA,NA,NA,NA
"W3-147","GmJMC078","W3",1,78.58,NA,NA,NA,NA,NA,NA,NA,NA,NA,NA,NA,NA,NA
"W3-148","GmWMC146","W3",1,63.885,NA,NA,NA,NA,NA,NA,NA,NA,NA,NA,NA,NA,NA
"W3-149","GmJMC041","W3",1,91.585,NA,NA,NA,NA,NA,NA,NA,NA,NA,NA,NA,NA,NA
"W3-150","GmJMC110","W3",1,98.96,NA,NA,NA,NA,NA,NA,NA,NA,NA,NA,NA,NA,NA
"W3-151","GmJMC080","W3",1,33.24,NA,NA,NA,NA,NA,NA,NA,NA,NA,NA,NA,NA,NA
"W3-152","GmWMC094","W3",1,43.56,NA,NA,NA,NA,NA,NA,NA,NA,NA,NA,NA,NA,NA
"W3-153","GmJMC077","W3",1,81.445,NA,NA,NA,NA,NA,NA,NA,NA,NA,NA,NA,NA,NA
"W3-154","GmJMC058","W3",1,53.11,NA,NA,NA,NA,NA,NA,NA,NA,NA,NA,NA,NA,NA
"W3-155","GmJMC099","W3",1,71.075,NA,NA,NA,NA,NA,NA,NA,NA,NA,NA,NA,NA,NA
"W3-156","GmJMC061","W3",1,66.28,NA,NA,NA,NA,NA,NA,NA,NA,NA,NA,NA,NA,NA
"W3-157","GmJMC026","W3",1,67.715,NA,NA,NA,NA,NA,NA,NA,NA,NA,NA,NA,NA,NA
"W3-158","GmWMC151","W3",1,67.52,NA,NA,NA,NA,NA,NA,NA,NA,NA,NA,NA,NA,NA
"W3-159","GmJMC081","W3",1,124.94,NA,NA,NA,NA,NA,NA,NA,NA,NA,NA,NA,NA,NA
"W3-160","GmJMC149","W3",1,84.63,NA,NA,NA,NA,NA,NA,NA,NA,NA,NA,NA,NA,NA
"W3-161","GmWMC154","W3",1,91.33,NA,NA,NA,NA,NA,NA,NA,NA,NA,NA,NA,NA,NA
"W3-162","GmJMC056","W3",1,70.445,NA,NA,NA,NA,NA,NA,NA,NA,NA,NA,NA,NA,NA
"W3-163","GmWMC189","W3",1,41.225,NA,NA,NA,NA,NA,NA,NA,NA,NA,NA,NA,NA,NA
"W3-164","GmJMC044","W3",1,79.16,NA,NA,NA,NA,NA,NA,NA,NA,NA,NA,NA,NA,NA
"W3-165","GmJMC030","W3",1,56.235,NA,NA,NA,NA,NA,NA,NA,NA,NA,NA,NA,NA,NA
"W3-166","GmJMC069","W3",1,80.635,NA,NA,NA,NA,NA,NA,NA,NA,NA,NA,NA,NA,NA
"W3-167","GmWMC015","W3",1,53.105,NA,NA,NA,NA,NA,NA,NA,NA,NA,NA,NA,NA,NA
"W3-168","GmWMC183","W3",1,54.75,NA,NA,NA,NA,NA,NA,NA,NA,NA,NA,NA,NA,NA
"W3-169","GmJMC100","W3",1,104.735,NA,NA,NA,NA,NA,NA,NA,NA,NA,NA,NA,NA,NA
"W3-170","GmJMC091","W3",1,77.76,NA,NA,NA,NA,NA,NA,NA,NA,NA,NA,NA,NA,NA
"W3-171","GmJMC114","W3",1,126.96,NA,NA,NA,NA,NA,NA,NA,NA,NA,NA,NA,NA,NA
"W3-172","GmJMC032","W3",1,39.49,NA,NA,NA,NA,NA,NA,NA,NA,NA,NA,NA,NA,NA
"W3-173","GmWMC170","W3",1,31.44,NA,NA,NA,NA,NA,NA,NA,NA,NA,NA,NA,NA,NA
"W3-174","GmWMC150","W3",1,16.85,NA,NA,NA,NA,NA,NA,NA,NA,NA,NA,NA,NA,NA
"W3-175","GmJMC025","W3",1,80.06,NA,NA,NA,NA,NA,NA,NA,NA,NA,NA,NA,NA,NA
"W3-176","GmJMC004","W3",1,46.305,NA,NA,NA,NA,NA,NA,NA,NA,NA,NA,NA,NA,NA
"W3-177","C1322","W3",1,29.445,NA,NA,NA,NA,NA,NA,NA,NA,NA,NA,NA,NA,NA
"W3-178","GmWMC086","W3",1,48.895,NA,NA,NA,NA,NA,NA,NA,NA,NA,NA,NA,NA,NA
"W3-179","GmJMC093","W3",1,61.34,NA,NA,NA,NA,NA,NA,NA,NA,NA,NA,NA,NA,NA
"W3-180","GmWMC138","W3",1,20.065,NA,NA,NA,NA,NA,NA,NA,NA,NA,NA,NA,NA,NA
"W3-181","GmJMC161","W3",1,57.335,NA,NA,NA,NA,NA,NA,NA,NA,NA,NA,NA,NA,NA
"W3-182","GmWMC192","W3",1,27.945,NA,NA,NA,NA,NA,NA,NA,NA,NA,NA,NA,NA,NA
"W3-183","5002T","W3",1,86.83,NA,NA,NA,NA,NA,NA,NA,NA,NA,NA,NA,NA,NA
"W3-184","GmWMC045","W3",1,90.545,NA,NA,NA,NA,NA,NA,NA,NA,NA,NA,NA,NA,NA
"W3-185","GmWMC001","W3",1,40.06,NA,NA,NA,NA,NA,NA,NA,NA,NA,NA,NA,NA,NA
"W3-186","GmJMC013","W3",1,34.075,NA,NA,NA,NA,NA,NA,NA,NA,NA,NA,NA,NA,NA
"W3-187","GmJMC031","W3",1,82.605,NA,NA,NA,NA,NA,NA,NA,NA,NA,NA,NA,NA,NA
"W3-188","GmJMC028","W3",1,88.89,NA,NA,NA,NA,NA,NA,NA,NA,NA,NA,NA,NA,NA
"W3-189","GmJMC065","W3",1,71.595,NA,NA,NA,NA,NA,NA,NA,NA,NA,NA,NA,NA,NA
"W3-190","GmWMC118","W3",1,105.845,NA,NA,NA,NA,NA,NA,NA,NA,NA,NA,NA,NA,NA
"W3-191","GmWMC136","W3",1,74.87,NA,NA,NA,NA,NA,NA,NA,NA,NA,NA,NA,NA,NA
"W3-192","GmWMC147","W3",1,82.27,NA,NA,NA,NA,NA,NA,NA,NA,NA,NA,NA,NA,NA
"W3-193","GmWMC084","W3",1,53.17,NA,NA,NA,NA,NA,NA,NA,NA,NA,NA,NA,NA,NA
"W3-194","GmWMC073","W3",1,73.775,NA,NA,NA,NA,NA,NA,NA,NA,NA,NA,NA,NA,NA
"W3-195","GmWMC163","W3",1,73.325,NA,NA,NA,NA,NA,NA,NA,NA,NA,NA,NA,NA,NA
"W3-196","GmWMC087","W3",1,65.33,NA,NA,NA,NA,NA,NA,NA,NA,NA,NA,NA,NA,NA
"W3-197","GmWMC071","W3",1,82.23,NA,NA,NA,NA,NA,NA,NA,NA,NA,NA,NA,NA,NA
"W3-198","C0394","W3",1,75.595,NA,NA,NA,NA,NA,NA,NA,NA,NA,NA,NA,NA,NA
"W3-199","GmJMC121","W3",1,87.015,NA,NA,NA,NA,NA,NA,NA,NA,NA,NA,NA,NA,NA
"W3-200","GmJMC167","W3",1,98.205,NA,NA,NA,NA,NA,NA,NA,NA,NA,NA,NA,NA,NA
"W4-001","GmWMC174","W4",1,15.015,NA,NA,NA,NA,NA,NA,NA,NA,NA,NA,NA,NA,NA
"W4-002","GmWMC178","W4",1,19.785,NA,NA,NA,NA,NA,NA,NA,NA,NA,NA,NA,NA,NA
"W4-003","GmWMC183","W4",1,9.7,NA,NA,NA,NA,NA,NA,NA,NA,NA,NA,NA,NA,NA
"W4-004","GmWMC022","W4",1,6.59,NA,NA,NA,NA,NA,NA,NA,NA,NA,NA,NA,NA,NA
"W4-005","GmJMC116","W4",1,21.815,NA,NA,NA,NA,NA,NA,NA,NA,NA,NA,NA,NA,NA
"W4-006","GmWMC046","W4",1,12.14,NA,NA,NA,NA,NA,NA,NA,NA,NA,NA,NA,NA,NA
"W4-007","GmWMC123","W4",1,18.59,NA,NA,NA,NA,NA,NA,NA,NA,NA,NA,NA,NA,NA
"W4-008","GmWMC164","W4",1,27.265,NA,NA,NA,NA,NA,NA,NA,NA,NA,NA,NA,NA,NA
"W4-009","GmWMC103","W4",1,22.625,NA,NA,NA,NA,NA,NA,NA,NA,NA,NA,NA,NA,NA
"W4-010","GmWMC138","W4",1,4.895,NA,NA,NA,NA,NA,NA,NA,NA,NA,NA,NA,NA,NA
"W4-011","GmWMC191","W4",1,14.94,NA,NA,NA,NA,NA,NA,NA,NA,NA,NA,NA,NA,NA
"W4-012","GmWMC187","W4",1,20.71,NA,NA,NA,NA,NA,NA,NA,NA,NA,NA,NA,NA,NA
"W4-013","GmJMC056","W4",1,18.54,NA,NA,NA,NA,NA,NA,NA,NA,NA,NA,NA,NA,NA
"W4-014","GmWMC113","W4",1,28.555,NA,NA,NA,NA,NA,NA,NA,NA,NA,NA,NA,NA,NA
"W4-015","C0394","W4",1,21.135,NA,NA,NA,NA,NA,NA,NA,NA,NA,NA,NA,NA,NA
"W4-016","GmJMC078","W4",1,19.605,NA,NA,NA,NA,NA,NA,NA,NA,NA,NA,NA,NA,NA
"W4-017","Tachiutaka","W4",1,21.64,NA,NA,NA,NA,NA,NA,NA,NA,NA,NA,NA,NA,NA
"W4-018","GmWMC188","W4",1,12.45,NA,NA,NA,NA,NA,NA,NA,NA,NA,NA,NA,NA,NA
"W4-019","GmJMC112","W4",1,22.22,NA,NA,NA,NA,NA,NA,NA,NA,NA,NA,NA,NA,NA
"W4-020","GmJMC080","W4",1,9.955,NA,NA,NA,NA,NA,NA,NA,NA,NA,NA,NA,NA,NA
"W4-021","GmWMC162","W4",1,14.85,NA,NA,NA,NA,NA,NA,NA,NA,NA,NA,NA,NA,NA
"W4-022","GmJMC065","W4",1,29.215,NA,NA,NA,NA,NA,NA,NA,NA,NA,NA,NA,NA,NA
"W4-023","GmJMC068","W4",1,35.355,NA,NA,NA,NA,NA,NA,NA,NA,NA,NA,NA,NA,NA
"W4-024","GmJMC137","W4",1,19.86,NA,NA,NA,NA,NA,NA,NA,NA,NA,NA,NA,NA,NA
"W4-025","GmJMC058","W4",1,11.2,NA,NA,NA,NA,NA,NA,NA,NA,NA,NA,NA,NA,NA
"W4-026","GmWMC141","W4",1,6.435,NA,NA,NA,NA,NA,NA,NA,NA,NA,NA,NA,NA,NA
"W4-027","GmJMC128","W4",1,19.37,NA,NA,NA,NA,NA,NA,NA,NA,NA,NA,NA,NA,NA
"W4-028","GmJMC007","W4",1,16.49,NA,NA,NA,NA,NA,NA,NA,NA,NA,NA,NA,NA,NA
"W4-029","GmJMC145","W4",1,18.09,NA,NA,NA,NA,NA,NA,NA,NA,NA,NA,NA,NA,NA
"W4-030","GmWMC125","W4",1,16.38,NA,NA,NA,NA,NA,NA,NA,NA,NA,NA,NA,NA,NA
"W4-031","GmJMC028","W4",1,21.845,NA,NA,NA,NA,NA,NA,NA,NA,NA,NA,NA,NA,NA
"W4-032","GmJMC002","W4",1,9.195,NA,NA,NA,NA,NA,NA,NA,NA,NA,NA,NA,NA,NA
"W4-033","GmJMC054","W4",1,16.18,NA,NA,NA,NA,NA,NA,NA,NA,NA,NA,NA,NA,NA
"W4-034","GmWMC170","W4",1,17.115,NA,NA,NA,NA,NA,NA,NA,NA,NA,NA,NA,NA,NA
"W4-035","GmWMC087","W4",1,10.185,NA,NA,NA,NA,NA,NA,NA,NA,NA,NA,NA,NA,NA
"W4-036","GmJMC050","W4",1,25.705,NA,NA,NA,NA,NA,NA,NA,NA,NA,NA,NA,NA,NA
"W4-037","GmWMC156","W4",1,23.415,NA,NA,NA,NA,NA,NA,NA,NA,NA,NA,NA,NA,NA
"W4-038","GmJMC030","W4",1,22.735,NA,NA,NA,NA,NA,NA,NA,NA,NA,NA,NA,NA,NA
"W4-039","GmWMC074","W4",1,28.01,NA,NA,NA,NA,NA,NA,NA,NA,NA,NA,NA,NA,NA
"W4-040","GmJMC061","W4",1,32.21,NA,NA,NA,NA,NA,NA,NA,NA,NA,NA,NA,NA,NA
"W4-041","GmWMC157","W4",1,16.47,NA,NA,NA,NA,NA,NA,NA,NA,NA,NA,NA,NA,NA
"W4-042","GmJMC105","W4",1,28.84,NA,NA,NA,NA,NA,NA,NA,NA,NA,NA,NA,NA,NA
"W4-043","GmJMC062","W4",1,21.19,NA,NA,NA,NA,NA,NA,NA,NA,NA,NA,NA,NA,NA
"W4-044","GmWMC045","W4",1,40.66,NA,NA,NA,NA,NA,NA,NA,NA,NA,NA,NA,NA,NA
"W4-045","GmWMC163","W4",1,34.31,NA,NA,NA,NA,NA,NA,NA,NA,NA,NA,NA,NA,NA
"W4-046","GmWMC159","W4",1,27.22,NA,NA,NA,NA,NA,NA,NA,NA,NA,NA,NA,NA,NA
"W4-047","GmJMC013","W4",1,20.925,NA,NA,NA,NA,NA,NA,NA,NA,NA,NA,NA,NA,NA
"W4-048","GmWMC010","W4",1,20.275,NA,NA,NA,NA,NA,NA,NA,NA,NA,NA,NA,NA,NA
"W4-049","GmWMC185","W4",1,20.475,NA,NA,NA,NA,NA,NA,NA,NA,NA,NA,NA,NA,NA
"W4-050","GmJMC060","W4",1,22.45,NA,NA,NA,NA,NA,NA,NA,NA,NA,NA,NA,NA,NA
"W4-051","GmJMC130","W4",1,19.87,NA,NA,NA,NA,NA,NA,NA,NA,NA,NA,NA,NA,NA
"W4-052","GmJMC043","W4",1,12.825,NA,NA,NA,NA,NA,NA,NA,NA,NA,NA,NA,NA,NA
"W4-053","GmWMC108","W4",1,17.295,NA,NA,NA,NA,NA,NA,NA,NA,NA,NA,NA,NA,NA
"W4-054","GmJMC051","W4",1,16.075,NA,NA,NA,NA,NA,NA,NA,NA,NA,NA,NA,NA,NA
"W4-055","GmWMC144","W4",1,12.11,NA,NA,NA,NA,NA,NA,NA,NA,NA,NA,NA,NA,NA
"W4-056","GmWMC015","W4",1,23.77,NA,NA,NA,NA,NA,NA,NA,NA,NA,NA,NA,NA,NA
"W4-057","GmJMC069","W4",1,23.27,NA,NA,NA,NA,NA,NA,NA,NA,NA,NA,NA,NA,NA
"W4-058","GmJMC104","W4",1,20.055,NA,NA,NA,NA,NA,NA,NA,NA,NA,NA,NA,NA,NA
"W4-059","GmWMC153","W4",1,8.44,NA,NA,NA,NA,NA,NA,NA,NA,NA,NA,NA,NA,NA
"W4-060","GmWMC115","W4",1,14.955,NA,NA,NA,NA,NA,NA,NA,NA,NA,NA,NA,NA,NA
"W4-061","GmJMC076","W4",1,18.765,NA,NA,NA,NA,NA,NA,NA,NA,NA,NA,NA,NA,NA
"W4-062","GmJMC177","W4",1,25.345,NA,NA,NA,NA,NA,NA,NA,NA,NA,NA,NA,NA,NA
"W4-063","GmWMC129","W4",1,16.4,NA,NA,NA,NA,NA,NA,NA,NA,NA,NA,NA,NA,NA
"W4-064","GmJMC096","W4",1,26.96,NA,NA,NA,NA,NA,NA,NA,NA,NA,NA,NA,NA,NA
"W4-065","GmWMC176","W4",1,13.92,NA,NA,NA,NA,NA,NA,NA,NA,NA,NA,NA,NA,NA
"W4-066","GmWMC135","W4",1,23.025,NA,NA,NA,NA,NA,NA,NA,NA,NA,NA,NA,NA,NA
"W4-067","GmWMC038","W4",1,36.37,NA,NA,NA,NA,NA,NA,NA,NA,NA,NA,NA,NA,NA
"W4-068","GmWMC189","W4",1,15.61,NA,NA,NA,NA,NA,NA,NA,NA,NA,NA,NA,NA,NA
"W4-069","GmWMC006","W4",1,13.22,NA,NA,NA,NA,NA,NA,NA,NA,NA,NA,NA,NA,NA
"W4-070","GmJMC090","W4",1,22.65,NA,NA,NA,NA,NA,NA,NA,NA,NA,NA,NA,NA,NA
"W4-071","GmWMC120","W4",1,6.345,NA,NA,NA,NA,NA,NA,NA,NA,NA,NA,NA,NA,NA
"W4-072","GmWMC134","W4",1,23.935,NA,NA,NA,NA,NA,NA,NA,NA,NA,NA,NA,NA,NA
"W4-073","GmJMC102","W4",1,26.855,NA,NA,NA,NA,NA,NA,NA,NA,NA,NA,NA,NA,NA
"W4-074","GmJMC085","W4",1,16.65,NA,NA,NA,NA,NA,NA,NA,NA,NA,NA,NA,NA,NA
"W4-075","GmWMC152","W4",1,9.755,NA,NA,NA,NA,NA,NA,NA,NA,NA,NA,NA,NA,NA
"W4-076","GmJMC049","W4",1,11.125,NA,NA,NA,NA,NA,NA,NA,NA,NA,NA,NA,NA,NA
"W4-077","GmJMC091","W4",1,16.325,NA,NA,NA,NA,NA,NA,NA,NA,NA,NA,NA,NA,NA
"W4-078","GmJMC039","W4",1,15.31,NA,NA,NA,NA,NA,NA,NA,NA,NA,NA,NA,NA,NA
"W4-079","GmJMC097","W4",1,12.51,NA,NA,NA,NA,NA,NA,NA,NA,NA,NA,NA,NA,NA
"W4-080","GmJMC184","W4",1,15.985,NA,NA,NA,NA,NA,NA,NA,NA,NA,NA,NA,NA,NA
"W4-081","GmJMC179","W4",1,21.615,NA,NA,NA,NA,NA,NA,NA,NA,NA,NA,NA,NA,NA
"W4-082","GmJMC180","W4",1,15.415,NA,NA,NA,NA,NA,NA,NA,NA,NA,NA,NA,NA,NA
"W4-083","GmWMC027","W4",1,18.825,NA,NA,NA,NA,NA,NA,NA,NA,NA,NA,NA,NA,NA
"W4-084","GmWMC154","W4",1,26.14,NA,NA,NA,NA,NA,NA,NA,NA,NA,NA,NA,NA,NA
"W4-085","GmWMC143","W4",1,26.53,NA,NA,NA,NA,NA,NA,NA,NA,NA,NA,NA,NA,NA
"W4-086","GmWMC124","W4",1,15.155,NA,NA,NA,NA,NA,NA,NA,NA,NA,NA,NA,NA,NA
"W4-087","GmWMC020","W4",1,26.065,NA,NA,NA,NA,NA,NA,NA,NA,NA,NA,NA,NA,NA
"W4-088","GmJMC017","W4",1,29.48,NA,NA,NA,NA,NA,NA,NA,NA,NA,NA,NA,NA,NA
"W4-089","GmWMC165","W4",1,26.085,NA,NA,NA,NA,NA,NA,NA,NA,NA,NA,NA,NA,NA
"W4-090","GmJMC095","W4",1,18.075,NA,NA,NA,NA,NA,NA,NA,NA,NA,NA,NA,NA,NA
"W4-091","GmWMC142","W4",1,16.66,NA,NA,NA,NA,NA,NA,NA,NA,NA,NA,NA,NA,NA
"W4-092","GmWMC169","W4",1,10.235,NA,NA,NA,NA,NA,NA,NA,NA,NA,NA,NA,NA,NA
"W4-093","GmJMC139","W4",1,21.46,NA,NA,NA,NA,NA,NA,NA,NA,NA,NA,NA,NA,NA
"W4-094","GmJMC098","W4",1,28.19,NA,NA,NA,NA,NA,NA,NA,NA,NA,NA,NA,NA,NA
"W4-095","5002T","W4",1,27.935,NA,NA,NA,NA,NA,NA,NA,NA,NA,NA,NA,NA,NA
"W4-096","GmJMC064","W4",1,17.14,NA,NA,NA,NA,NA,NA,NA,NA,NA,NA,NA,NA,NA
"W4-097","GmJMC055","W4",1,31.06,NA,NA,NA,NA,NA,NA,NA,NA,NA,NA,NA,NA,NA
"W4-098","GmWMC024","W4",1,16.62,NA,NA,NA,NA,NA,NA,NA,NA,NA,NA,NA,NA,NA
"W4-099","GmWMC132","W4",1,20.645,NA,NA,NA,NA,NA,NA,NA,NA,NA,NA,NA,NA,NA
"W4-100","GmWMC071","W4",1,22.675,NA,NA,NA,NA,NA,NA,NA,NA,NA,NA,NA,NA,NA
"W4-101","GmWMC019","W4",1,5.01,NA,NA,NA,NA,NA,NA,NA,NA,NA,NA,NA,NA,NA
"W4-102","GmJMC040","W4",1,10.985,NA,NA,NA,NA,NA,NA,NA,NA,NA,NA,NA,NA,NA
"W4-103","GmWMC073","W4",1,9.11,NA,NA,NA,NA,NA,NA,NA,NA,NA,NA,NA,NA,NA
"W4-104","C1290","W4",1,5.565,NA,NA,NA,NA,NA,NA,NA,NA,NA,NA,NA,NA,NA
"W4-105","GmJMC009","W4",1,11.6,NA,NA,NA,NA,NA,NA,NA,NA,NA,NA,NA,NA,NA
"W4-106","GmJMC161","W4",1,20.66,NA,NA,NA,NA,NA,NA,NA,NA,NA,NA,NA,NA,NA
"W4-107","GmWMC075","W4",1,10.59,NA,NA,NA,NA,NA,NA,NA,NA,NA,NA,NA,NA,NA
"W4-108","GmWMC048","W4",1,10.155,NA,NA,NA,NA,NA,NA,NA,NA,NA,NA,NA,NA,NA
"W4-109","C1322","W4",1,8.935,NA,NA,NA,NA,NA,NA,NA,NA,NA,NA,NA,NA,NA
"W4-110","GmWMC109","W4",1,6.08,NA,NA,NA,NA,NA,NA,NA,NA,NA,NA,NA,NA,NA
"W4-111","GmJMC067","W4",1,7.57,NA,NA,NA,NA,NA,NA,NA,NA,NA,NA,NA,NA,NA
"W4-112","GmJMC041","W4",1,9.615,NA,NA,NA,NA,NA,NA,NA,NA,NA,NA,NA,NA,NA
"W4-113","GmJMC005","W4",1,1.57,NA,NA,NA,NA,NA,NA,NA,NA,NA,NA,NA,NA,NA
"W4-114","GmWMC083","W4",1,8.97,NA,NA,NA,NA,NA,NA,NA,NA,NA,NA,NA,NA,NA
"W4-115","GmWMC086","W4",1,2.345,NA,NA,NA,NA,NA,NA,NA,NA,NA,NA,NA,NA,NA
"W4-116","GmWMC011","W4",1,13.945,NA,NA,NA,NA,NA,NA,NA,NA,NA,NA,NA,NA,NA
"W4-117","GmJMC167","W4",1,15.01,NA,NA,NA,NA,NA,NA,NA,NA,NA,NA,NA,NA,NA
"W4-118","GmWMC001","W4",1,4.21,NA,NA,NA,NA,NA,NA,NA,NA,NA,NA,NA,NA,NA
"W4-119","GmJMC026","W4",1,6.4,NA,NA,NA,NA,NA,NA,NA,NA,NA,NA,NA,NA,NA
"W4-120","GmWMC160","W4",1,6.21,NA,NA,NA,NA,NA,NA,NA,NA,NA,NA,NA,NA,NA
"W4-121","GmWMC150","W4",1,21.81,NA,NA,NA,NA,NA,NA,NA,NA,NA,NA,NA,NA,NA
"W4-122","GmWMC036","W4",1,8.515,NA,NA,NA,NA,NA,NA,NA,NA,NA,NA,NA,NA,NA
"W4-123","GmWMC173","W4",1,15.005,NA,NA,NA,NA,NA,NA,NA,NA,NA,NA,NA,NA,NA
"W4-124","GmJMC037","W4",1,16.665,NA,NA,NA,NA,NA,NA,NA,NA,NA,NA,NA,NA,NA
"W4-125","GmJMC110","W4",1,24.93,NA,NA,NA,NA,NA,NA,NA,NA,NA,NA,NA,NA,NA
"W4-126","GmWMC155","W4",1,14.2,NA,NA,NA,NA,NA,NA,NA,NA,NA,NA,NA,NA,NA
"W4-127","GmWMC094","W4",1,21.325,NA,NA,NA,NA,NA,NA,NA,NA,NA,NA,NA,NA,NA
"W4-128","GmWMC070","W4",1,23.06,NA,NA,NA,NA,NA,NA,NA,NA,NA,NA,NA,NA,NA
"W4-129","GmWMC171","W4",1,14.885,NA,NA,NA,NA,NA,NA,NA,NA,NA,NA,NA,NA,NA
"W4-130","GmWMC168","W4",1,18.085,NA,NA,NA,NA,NA,NA,NA,NA,NA,NA,NA,NA,NA
"W4-131","GmJMC077","W4",1,32.38,NA,NA,NA,NA,NA,NA,NA,NA,NA,NA,NA,NA,NA
"W4-132","GmJMC100","W4",1,27.92,NA,NA,NA,NA,NA,NA,NA,NA,NA,NA,NA,NA,NA
"W4-133","GmWMC089","W4",1,11.05,NA,NA,NA,NA,NA,NA,NA,NA,NA,NA,NA,NA,NA
"W4-134","GmJMC057","W4",1,13.015,NA,NA,NA,NA,NA,NA,NA,NA,NA,NA,NA,NA,NA
"W4-135","GmJMC158","W4",1,11.11,NA,NA,NA,NA,NA,NA,NA,NA,NA,NA,NA,NA,NA
"W4-136","GmWMC014","W4",1,34.265,NA,NA,NA,NA,NA,NA,NA,NA,NA,NA,NA,NA,NA
"W4-137","GmJMC032","W4",1,8.56,NA,NA,NA,NA,NA,NA,NA,NA,NA,NA,NA,NA,NA
"W4-138","GmJMC021","W4",1,15.365,NA,NA,NA,NA,NA,NA,NA,NA,NA,NA,NA,NA,NA
"W4-139","GmJMC079","W4",1,29.91,NA,NA,NA,NA,NA,NA,NA,NA,NA,NA,NA,NA,NA
"W4-140","GmJMC003","W4",1,18.955,NA,NA,NA,NA,NA,NA,NA,NA,NA,NA,NA,NA,NA
"W4-141","GmWMC012","W4",1,24.88,NA,NA,NA,NA,NA,NA,NA,NA,NA,NA,NA,NA,NA
"W4-142","GmJMC053","W4",1,19.445,NA,NA,NA,NA,NA,NA,NA,NA,NA,NA,NA,NA,NA
"W4-143","GmJMC063","W4",1,16.565,NA,NA,NA,NA,NA,NA,NA,NA,NA,NA,NA,NA,NA
"W4-144","GmWMC084","W4",1,15.145,NA,NA,NA,NA,NA,NA,NA,NA,NA,NA,NA,NA,NA
"W4-145","GmWMC181","W4",1,21.535,NA,NA,NA,NA,NA,NA,NA,NA,NA,NA,NA,NA,NA
"W4-146","GmJMC106","W4",1,36.825,NA,NA,NA,NA,NA,NA,NA,NA,NA,NA,NA,NA,NA
"W4-147","GmWMC147","W4",1,25.44,NA,NA,NA,NA,NA,NA,NA,NA,NA,NA,NA,NA,NA
"W4-148","GmJMC082","W4",1,27.36,NA,NA,NA,NA,NA,NA,NA,NA,NA,NA,NA,NA,NA
"W4-149","GmJMC034","W4",1,39.775,NA,NA,NA,NA,NA,NA,NA,NA,NA,NA,NA,NA,NA
"W4-150","Houjaku Kuwazu","W4",1,19.655,NA,NA,NA,NA,NA,NA,NA,NA,NA,NA,NA,NA,NA
"W4-151","GmJMC111","W4",1,25.795,NA,NA,NA,NA,NA,NA,NA,NA,NA,NA,NA,NA,NA
"W4-152","GmJMC059","W4",1,11.85,NA,NA,NA,NA,NA,NA,NA,NA,NA,NA,NA,NA,NA
"W4-153","GmWMC119","W4",1,10.035,NA,NA,NA,NA,NA,NA,NA,NA,NA,NA,NA,NA,NA
"W4-154","GmWMC192","W4",1,4.94,NA,NA,NA,NA,NA,NA,NA,NA,NA,NA,NA,NA,NA
"W4-155","GmJMC025","W4",1,22.23,NA,NA,NA,NA,NA,NA,NA,NA,NA,NA,NA,NA,NA
"W4-156","GmJMC023","W4",1,19.335,NA,NA,NA,NA,NA,NA,NA,NA,NA,NA,NA,NA,NA
"W4-157","GmJMC033","W4",1,19.055,NA,NA,NA,NA,NA,NA,NA,NA,NA,NA,NA,NA,NA
"W4-158","GmJMC088","W4",1,19.495,NA,NA,NA,NA,NA,NA,NA,NA,NA,NA,NA,NA,NA
"W4-159","GmWMC127","W4",1,8.8,NA,NA,NA,NA,NA,NA,NA,NA,NA,NA,NA,NA,NA
"W4-160","UA-4805","W4",1,15.77,NA,NA,NA,NA,NA,NA,NA,NA,NA,NA,NA,NA,NA
"W4-161","GmJMC172","W4",1,21.305,NA,NA,NA,NA,NA,NA,NA,NA,NA,NA,NA,NA,NA
"W4-162","GmJMC016","W4",1,14.54,NA,NA,NA,NA,NA,NA,NA,NA,NA,NA,NA,NA,NA
"W4-163","GmJMC093","W4",1,18.775,NA,NA,NA,NA,NA,NA,NA,NA,NA,NA,NA,NA,NA
"W4-164","GmJMC133","W4",1,17.86,NA,NA,NA,NA,NA,NA,NA,NA,NA,NA,NA,NA,NA
"W4-165","GmJMC004","W4",1,17.82,NA,NA,NA,NA,NA,NA,NA,NA,NA,NA,NA,NA,NA
"W4-166","GmWMC136","W4",1,8.25,NA,NA,NA,NA,NA,NA,NA,NA,NA,NA,NA,NA,NA
"W4-167","GmWMC035","W4",1,19.495,NA,NA,NA,NA,NA,NA,NA,NA,NA,NA,NA,NA,NA
"W4-168","GmWMC118","W4",1,25.695,NA,NA,NA,NA,NA,NA,NA,NA,NA,NA,NA,NA,NA
"W4-169","GmJMC149","W4",1,14.025,NA,NA,NA,NA,NA,NA,NA,NA,NA,NA,NA,NA,NA
"W4-170","GmJMC114","W4",1,23.66,NA,NA,NA,NA,NA,NA,NA,NA,NA,NA,NA,NA,NA
"W4-171","GmJMC044","W4",1,13.92,NA,NA,NA,NA,NA,NA,NA,NA,NA,NA,NA,NA,NA
"W4-172","GmWMC151","W4",1,7.995,NA,NA,NA,NA,NA,NA,NA,NA,NA,NA,NA,NA,NA
"W4-173","GmJMC031","W4",1,12.275,NA,NA,NA,NA,NA,NA,NA,NA,NA,NA,NA,NA,NA
"W4-174","GmJMC126","W4",1,9.145,NA,NA,NA,NA,NA,NA,NA,NA,NA,NA,NA,NA,NA
"W4-175","GmWMC029","W4",1,14.065,NA,NA,NA,NA,NA,NA,NA,NA,NA,NA,NA,NA,NA
"W4-176","GmWMC182","W4",1,4.935,NA,NA,NA,NA,NA,NA,NA,NA,NA,NA,NA,NA,NA
"W4-177","GmJMC008","W4",1,11.88,NA,NA,NA,NA,NA,NA,NA,NA,NA,NA,NA,NA,NA
"W4-178","GmWMC042","W4",1,4.91,NA,NA,NA,NA,NA,NA,NA,NA,NA,NA,NA,NA,NA
"W4-179","GmWMC166","W4",1,1.95,NA,NA,NA,NA,NA,NA,NA,NA,NA,NA,NA,NA,NA
"W4-180","GmWMC072","W4",1,15.28,NA,NA,NA,NA,NA,NA,NA,NA,NA,NA,NA,NA,NA
"W4-181","GmWMC186","W4",1,7.88,NA,NA,NA,NA,NA,NA,NA,NA,NA,NA,NA,NA,NA
"W4-182","GmWMC107","W4",1,10.65,NA,NA,NA,NA,NA,NA,NA,NA,NA,NA,NA,NA,NA
"W4-183","GmWMC148","W4",1,16.965,NA,NA,NA,NA,NA,NA,NA,NA,NA,NA,NA,NA,NA
"W4-184","GmWMC018","W4",1,29.035,NA,NA,NA,NA,NA,NA,NA,NA,NA,NA,NA,NA,NA
"W4-185","GmWMC146","W4",1,29.235,NA,NA,NA,NA,NA,NA,NA,NA,NA,NA,NA,NA,NA
"W4-186","GmWMC175","W4",1,35.48,NA,NA,NA,NA,NA,NA,NA,NA,NA,NA,NA,NA,NA
"W4-187","GmJMC101","W4",1,20.455,NA,NA,NA,NA,NA,NA,NA,NA,NA,NA,NA,NA,NA
"W4-188","GmWMC190","W4",1,20.905,NA,NA,NA,NA,NA,NA,NA,NA,NA,NA,NA,NA,NA
"W4-189","GmJMC047","W4",1,31.39,NA,NA,NA,NA,NA,NA,NA,NA,NA,NA,NA,NA,NA
"W4-190","C1329","W4",1,27.14,NA,NA,NA,NA,NA,NA,NA,NA,NA,NA,NA,NA,NA
"W4-191","GmJMC121","W4",1,15.87,NA,NA,NA,NA,NA,NA,NA,NA,NA,NA,NA,NA,NA
"W4-192","GmWMC066","W4",1,32.55,NA,NA,NA,NA,NA,NA,NA,NA,NA,NA,NA,NA,NA
"W4-193","GmJMC131","W4",1,62.045,NA,NA,NA,NA,NA,NA,NA,NA,NA,NA,NA,NA,NA
"W4-194","GmWMC122","W4",1,45.495,NA,NA,NA,NA,NA,NA,NA,NA,NA,NA,NA,NA,NA
"W4-195","GmJMC117","W4",1,23.44,NA,NA,NA,NA,NA,NA,NA,NA,NA,NA,NA,NA,NA
"W4-196","GmJMC052","W4",1,18.145,NA,NA,NA,NA,NA,NA,NA,NA,NA,NA,NA,NA,NA
"W4-197","GmJMC099","W4",1,34.21,NA,NA,NA,NA,NA,NA,NA,NA,NA,NA,NA,NA,NA
"W4-198","GmJMC081","W4",1,22.76,NA,NA,NA,NA,NA,NA,NA,NA,NA,NA,NA,NA,NA
"W4-199","GmJMC092","W4",1,32.77,NA,NA,NA,NA,NA,NA,NA,NA,NA,NA,NA,NA,NA
"W4-200","GmWMC140","W4",1,21.855,NA,NA,NA,NA,NA,NA,NA,NA,NA,NA,NA,NA,NA
