"","V1","V2","V3","V4","V5","V6","V7","V8","V9","V10","V11","V12","V13"
"W1-001",NA,NA,NA,NA,NA,NA,NA,NA,NA,NA,NA,NA,NA
"W1-002",NA,NA,NA,NA,NA,NA,NA,NA,NA,NA,NA,NA,NA
"W1-003",NA,NA,NA,NA,NA,NA,NA,NA,NA,NA,NA,NA,NA
"W1-004",NA,NA,NA,NA,NA,NA,NA,NA,NA,NA,NA,NA,NA
"W1-005",NA,NA,NA,NA,NA,NA,NA,NA,NA,NA,NA,NA,NA
"W1-006",NA,NA,NA,NA,NA,NA,NA,NA,NA,NA,NA,NA,NA
"W1-007",NA,NA,NA,NA,NA,NA,NA,NA,NA,NA,NA,NA,NA
"W1-008",NA,NA,NA,NA,NA,NA,NA,NA,NA,NA,NA,NA,NA
"W1-009",NA,NA,NA,NA,NA,NA,NA,NA,NA,NA,NA,NA,NA
"W1-010",NA,NA,NA,NA,NA,NA,NA,NA,NA,NA,NA,NA,NA
"W1-011",NA,NA,NA,NA,NA,NA,NA,NA,NA,NA,NA,NA,NA
"W1-012",NA,NA,NA,NA,NA,NA,NA,NA,NA,NA,NA,NA,NA
"W1-013",NA,NA,NA,NA,NA,NA,NA,NA,NA,NA,NA,NA,NA
"W1-014",NA,NA,NA,NA,NA,NA,NA,NA,NA,NA,NA,NA,NA
"W1-015",NA,NA,NA,NA,NA,NA,NA,NA,NA,NA,NA,NA,NA
"W1-016",NA,NA,NA,NA,NA,NA,NA,NA,NA,NA,NA,NA,NA
"W1-017",NA,NA,NA,NA,NA,NA,NA,NA,NA,NA,NA,NA,NA
"W1-018",NA,NA,NA,NA,NA,NA,NA,NA,NA,NA,NA,NA,NA
"W1-019",NA,NA,NA,NA,NA,NA,NA,NA,NA,NA,NA,NA,NA
"W1-020",NA,NA,NA,NA,NA,NA,NA,NA,NA,NA,NA,NA,NA
"W1-021",NA,NA,NA,NA,NA,NA,NA,NA,NA,NA,NA,NA,NA
"W1-022",NA,NA,NA,NA,NA,NA,NA,NA,NA,NA,NA,NA,NA
"W1-023",NA,NA,NA,NA,NA,NA,NA,NA,NA,NA,NA,NA,NA
"W1-024",NA,NA,NA,NA,NA,NA,NA,NA,NA,NA,NA,NA,NA
"W1-025",NA,NA,NA,NA,NA,NA,NA,NA,NA,NA,NA,NA,NA
"W1-026",NA,NA,NA,NA,NA,NA,NA,NA,NA,NA,NA,NA,NA
"W1-027",NA,NA,NA,NA,NA,NA,NA,NA,NA,NA,NA,NA,NA
"W1-028",NA,NA,NA,NA,NA,NA,NA,NA,NA,NA,NA,NA,NA
"W1-029",NA,NA,NA,NA,NA,NA,NA,NA,NA,NA,NA,NA,NA
"W1-030",NA,NA,NA,NA,NA,NA,NA,NA,NA,NA,NA,NA,NA
"W1-031",NA,NA,NA,NA,NA,NA,NA,NA,NA,NA,NA,NA,NA
"W1-032",NA,NA,NA,NA,NA,NA,NA,NA,NA,NA,NA,NA,NA
"W1-033",NA,NA,NA,NA,NA,NA,NA,NA,NA,NA,NA,NA,NA
"W1-034",NA,NA,NA,NA,NA,NA,NA,NA,NA,NA,NA,NA,NA
"W1-035",NA,NA,NA,NA,NA,NA,NA,NA,NA,NA,NA,NA,NA
"W1-036",NA,NA,NA,NA,NA,NA,NA,NA,NA,NA,NA,NA,NA
"W1-037",NA,NA,NA,NA,NA,NA,NA,NA,NA,NA,NA,NA,NA
"W1-038",NA,NA,NA,NA,NA,NA,NA,NA,NA,NA,NA,NA,NA
"W1-039",NA,NA,NA,NA,NA,NA,NA,NA,NA,NA,NA,NA,NA
"W1-040",NA,NA,NA,NA,NA,NA,NA,NA,NA,NA,NA,NA,NA
"W1-041",NA,NA,NA,NA,NA,NA,NA,NA,NA,NA,NA,NA,NA
"W1-042",NA,NA,NA,NA,NA,NA,NA,NA,NA,NA,NA,NA,NA
"W1-043",NA,NA,NA,NA,NA,NA,NA,NA,NA,NA,NA,NA,NA
"W1-044",NA,NA,NA,NA,NA,NA,NA,NA,NA,NA,NA,NA,NA
"W1-045",NA,NA,NA,NA,NA,NA,NA,NA,NA,NA,NA,NA,NA
"W1-046",NA,NA,NA,NA,NA,NA,NA,NA,NA,NA,NA,NA,NA
"W1-047",NA,NA,NA,NA,NA,NA,NA,NA,NA,NA,NA,NA,NA
"W1-048",NA,NA,NA,NA,NA,NA,NA,NA,NA,NA,NA,NA,NA
"W1-049",NA,NA,NA,NA,NA,NA,NA,NA,NA,NA,NA,NA,NA
"W1-050",NA,NA,NA,NA,NA,NA,NA,NA,NA,NA,NA,NA,NA
"W1-051",NA,NA,NA,NA,NA,NA,NA,NA,NA,NA,NA,NA,NA
"W1-052",NA,NA,NA,NA,NA,NA,NA,NA,NA,NA,NA,NA,NA
"W1-053",NA,NA,NA,NA,NA,NA,NA,NA,NA,NA,NA,NA,NA
"W1-054",NA,NA,NA,NA,NA,NA,NA,NA,NA,NA,NA,NA,NA
"W1-055",NA,NA,NA,NA,NA,NA,NA,NA,NA,NA,NA,NA,NA
"W1-056",NA,NA,NA,NA,NA,NA,NA,NA,NA,NA,NA,NA,NA
"W1-057",NA,NA,NA,NA,NA,NA,NA,NA,NA,NA,NA,NA,NA
"W1-058",NA,NA,NA,NA,NA,NA,NA,NA,NA,NA,NA,NA,NA
"W1-059",NA,NA,NA,NA,NA,NA,NA,NA,NA,NA,NA,NA,NA
"W1-060",NA,NA,NA,NA,NA,NA,NA,NA,NA,NA,NA,NA,NA
"W1-061",NA,NA,NA,NA,NA,NA,NA,NA,NA,NA,NA,NA,NA
"W1-062",NA,NA,NA,NA,NA,NA,NA,NA,NA,NA,NA,NA,NA
"W1-063",NA,NA,NA,NA,NA,NA,NA,NA,NA,NA,NA,NA,NA
"W1-064",NA,NA,NA,NA,NA,NA,NA,NA,NA,NA,NA,NA,NA
"W1-065",NA,NA,NA,NA,NA,NA,NA,NA,NA,NA,NA,NA,NA
"W1-066",NA,NA,NA,NA,NA,NA,NA,NA,NA,NA,NA,NA,NA
"W1-067",NA,NA,NA,NA,NA,NA,NA,NA,NA,NA,NA,NA,NA
"W1-068",NA,NA,NA,NA,NA,NA,NA,NA,NA,NA,NA,NA,NA
"W1-069",NA,NA,NA,NA,NA,NA,NA,NA,NA,NA,NA,NA,NA
"W1-070",NA,NA,NA,NA,NA,NA,NA,NA,NA,NA,NA,NA,NA
"W1-071",NA,NA,NA,NA,NA,NA,NA,NA,NA,NA,NA,NA,NA
"W1-072",NA,NA,NA,NA,NA,NA,NA,NA,NA,NA,NA,NA,NA
"W1-073",NA,NA,NA,NA,NA,NA,NA,NA,NA,NA,NA,NA,NA
"W1-074",NA,NA,NA,NA,NA,NA,NA,NA,NA,NA,NA,NA,NA
"W1-075",NA,NA,NA,NA,NA,NA,NA,NA,NA,NA,NA,NA,NA
"W1-076",NA,NA,NA,NA,NA,NA,NA,NA,NA,NA,NA,NA,NA
"W1-077",NA,NA,NA,NA,NA,NA,NA,NA,NA,NA,NA,NA,NA
"W1-078",NA,NA,NA,NA,NA,NA,NA,NA,NA,NA,NA,NA,NA
"W1-079",NA,NA,NA,NA,NA,NA,NA,NA,NA,NA,NA,NA,NA
"W1-080",NA,NA,NA,NA,NA,NA,NA,NA,NA,NA,NA,NA,NA
"W1-081",NA,NA,NA,NA,NA,NA,NA,NA,NA,NA,NA,NA,NA
"W1-082",NA,NA,NA,NA,NA,NA,NA,NA,NA,NA,NA,NA,NA
"W1-083",NA,NA,NA,NA,NA,NA,NA,NA,NA,NA,NA,NA,NA
"W1-084",NA,NA,NA,NA,NA,NA,NA,NA,NA,NA,NA,NA,NA
"W1-085",NA,NA,NA,NA,NA,NA,NA,NA,NA,NA,NA,NA,NA
"W1-086",NA,NA,NA,NA,NA,NA,NA,NA,NA,NA,NA,NA,NA
"W1-087",NA,NA,NA,NA,NA,NA,NA,NA,NA,NA,NA,NA,NA
"W1-088",NA,NA,NA,NA,NA,NA,NA,NA,NA,NA,NA,NA,NA
"W1-089",NA,NA,NA,NA,NA,NA,NA,NA,NA,NA,NA,NA,NA
"W1-090",NA,NA,NA,NA,NA,NA,NA,NA,NA,NA,NA,NA,NA
"W1-091",NA,NA,NA,NA,NA,NA,NA,NA,NA,NA,NA,NA,NA
"W1-092",NA,NA,NA,NA,NA,NA,NA,NA,NA,NA,NA,NA,NA
"W1-093",NA,NA,NA,NA,NA,NA,NA,NA,NA,NA,NA,NA,NA
"W1-094",NA,NA,NA,NA,NA,NA,NA,NA,NA,NA,NA,NA,NA
"W1-095",NA,NA,NA,NA,NA,NA,NA,NA,NA,NA,NA,NA,NA
"W1-096",NA,NA,NA,NA,NA,NA,NA,NA,NA,NA,NA,NA,NA
"W1-097",NA,NA,NA,NA,NA,NA,NA,NA,NA,NA,NA,NA,NA
"W1-098",NA,NA,NA,NA,NA,NA,NA,NA,NA,NA,NA,NA,NA
"W1-099",NA,NA,NA,NA,NA,NA,NA,NA,NA,NA,NA,NA,NA
"W1-100",NA,NA,NA,NA,NA,NA,NA,NA,NA,NA,NA,NA,NA
"W1-101",NA,NA,NA,NA,NA,NA,NA,NA,NA,NA,NA,NA,NA
"W1-102",NA,NA,NA,NA,NA,NA,NA,NA,NA,NA,NA,NA,NA
"W1-103",NA,NA,NA,NA,NA,NA,NA,NA,NA,NA,NA,NA,NA
"W1-104",NA,NA,NA,NA,NA,NA,NA,NA,NA,NA,NA,NA,NA
"W1-105",NA,NA,NA,NA,NA,NA,NA,NA,NA,NA,NA,NA,NA
"W1-106",NA,NA,NA,NA,NA,NA,NA,NA,NA,NA,NA,NA,NA
"W1-107",NA,NA,NA,NA,NA,NA,NA,NA,NA,NA,NA,NA,NA
"W1-108",NA,NA,NA,NA,NA,NA,NA,NA,NA,NA,NA,NA,NA
"W1-109",NA,NA,NA,NA,NA,NA,NA,NA,NA,NA,NA,NA,NA
"W1-110",NA,NA,NA,NA,NA,NA,NA,NA,NA,NA,NA,NA,NA
"W1-111",NA,NA,NA,NA,NA,NA,NA,NA,NA,NA,NA,NA,NA
"W1-112",NA,NA,NA,NA,NA,NA,NA,NA,NA,NA,NA,NA,NA
"W1-113",NA,NA,NA,NA,NA,NA,NA,NA,NA,NA,NA,NA,NA
"W1-114",NA,NA,NA,NA,NA,NA,NA,NA,NA,NA,NA,NA,NA
"W1-115",NA,NA,NA,NA,NA,NA,NA,NA,NA,NA,NA,NA,NA
"W1-116",NA,NA,NA,NA,NA,NA,NA,NA,NA,NA,NA,NA,NA
"W1-117",NA,NA,NA,NA,NA,NA,NA,NA,NA,NA,NA,NA,NA
"W1-118",NA,NA,NA,NA,NA,NA,NA,NA,NA,NA,NA,NA,NA
"W1-119",NA,NA,NA,NA,NA,NA,NA,NA,NA,NA,NA,NA,NA
"W1-120",NA,NA,NA,NA,NA,NA,NA,NA,NA,NA,NA,NA,NA
"W1-121",NA,NA,NA,NA,NA,NA,NA,NA,NA,NA,NA,NA,NA
"W1-122",NA,NA,NA,NA,NA,NA,NA,NA,NA,NA,NA,NA,NA
"W1-123",NA,NA,NA,NA,NA,NA,NA,NA,NA,NA,NA,NA,NA
"W1-124",NA,NA,NA,NA,NA,NA,NA,NA,NA,NA,NA,NA,NA
"W1-125",NA,NA,NA,NA,NA,NA,NA,NA,NA,NA,NA,NA,NA
"W1-126",NA,NA,NA,NA,NA,NA,NA,NA,NA,NA,NA,NA,NA
"W1-127",NA,NA,NA,NA,NA,NA,NA,NA,NA,NA,NA,NA,NA
"W1-128",NA,NA,NA,NA,NA,NA,NA,NA,NA,NA,NA,NA,NA
"W1-129",NA,NA,NA,NA,NA,NA,NA,NA,NA,NA,NA,NA,NA
"W1-130",NA,NA,NA,NA,NA,NA,NA,NA,NA,NA,NA,NA,NA
"W1-131",NA,NA,NA,NA,NA,NA,NA,NA,NA,NA,NA,NA,NA
"W1-132",NA,NA,NA,NA,NA,NA,NA,NA,NA,NA,NA,NA,NA
"W1-133",NA,NA,NA,NA,NA,NA,NA,NA,NA,NA,NA,NA,NA
"W1-134",NA,NA,NA,NA,NA,NA,NA,NA,NA,NA,NA,NA,NA
"W1-135",NA,NA,NA,NA,NA,NA,NA,NA,NA,NA,NA,NA,NA
"W1-136",NA,NA,NA,NA,NA,NA,NA,NA,NA,NA,NA,NA,NA
"W1-137",NA,NA,NA,NA,NA,NA,NA,NA,NA,NA,NA,NA,NA
"W1-138",NA,NA,NA,NA,NA,NA,NA,NA,NA,NA,NA,NA,NA
"W1-139",NA,NA,NA,NA,NA,NA,NA,NA,NA,NA,NA,NA,NA
"W1-140",NA,NA,NA,NA,NA,NA,NA,NA,NA,NA,NA,NA,NA
"W1-141",NA,NA,NA,NA,NA,NA,NA,NA,NA,NA,NA,NA,NA
"W1-142",NA,NA,NA,NA,NA,NA,NA,NA,NA,NA,NA,NA,NA
"W1-143",NA,NA,NA,NA,NA,NA,NA,NA,NA,NA,NA,NA,NA
"W1-144",NA,NA,NA,NA,NA,NA,NA,NA,NA,NA,NA,NA,NA
"W1-145",NA,NA,NA,NA,NA,NA,NA,NA,NA,NA,NA,NA,NA
"W1-146",NA,NA,NA,NA,NA,NA,NA,NA,NA,NA,NA,NA,NA
"W1-147",NA,NA,NA,NA,NA,NA,NA,NA,NA,NA,NA,NA,NA
"W1-148",NA,NA,NA,NA,NA,NA,NA,NA,NA,NA,NA,NA,NA
"W1-149",NA,NA,NA,NA,NA,NA,NA,NA,NA,NA,NA,NA,NA
"W1-150",NA,NA,NA,NA,NA,NA,NA,NA,NA,NA,NA,NA,NA
"W1-151",NA,NA,NA,NA,NA,NA,NA,NA,NA,NA,NA,NA,NA
"W1-152",NA,NA,NA,NA,NA,NA,NA,NA,NA,NA,NA,NA,NA
"W1-153",NA,NA,NA,NA,NA,NA,NA,NA,NA,NA,NA,NA,NA
"W1-154",NA,NA,NA,NA,NA,NA,NA,NA,NA,NA,NA,NA,NA
"W1-155",NA,NA,NA,NA,NA,NA,NA,NA,NA,NA,NA,NA,NA
"W1-156",NA,NA,NA,NA,NA,NA,NA,NA,NA,NA,NA,NA,NA
"W1-157",NA,NA,NA,NA,NA,NA,NA,NA,NA,NA,NA,NA,NA
"W1-158",NA,NA,NA,NA,NA,NA,NA,NA,NA,NA,NA,NA,NA
"W1-159",NA,NA,NA,NA,NA,NA,NA,NA,NA,NA,NA,NA,NA
"W1-160",NA,NA,NA,NA,NA,NA,NA,NA,NA,NA,NA,NA,NA
"W1-161",NA,NA,NA,NA,NA,NA,NA,NA,NA,NA,NA,NA,NA
"W1-162",NA,NA,NA,NA,NA,NA,NA,NA,NA,NA,NA,NA,NA
"W1-163",NA,NA,NA,NA,NA,NA,NA,NA,NA,NA,NA,NA,NA
"W1-164",NA,NA,NA,NA,NA,NA,NA,NA,NA,NA,NA,NA,NA
"W1-165",NA,NA,NA,NA,NA,NA,NA,NA,NA,NA,NA,NA,NA
"W1-166",NA,NA,NA,NA,NA,NA,NA,NA,NA,NA,NA,NA,NA
"W1-167",NA,NA,NA,NA,NA,NA,NA,NA,NA,NA,NA,NA,NA
"W1-168",NA,NA,NA,NA,NA,NA,NA,NA,NA,NA,NA,NA,NA
"W1-169",NA,NA,NA,NA,NA,NA,NA,NA,NA,NA,NA,NA,NA
"W1-170",NA,NA,NA,NA,NA,NA,NA,NA,NA,NA,NA,NA,NA
"W1-171",NA,NA,NA,NA,NA,NA,NA,NA,NA,NA,NA,NA,NA
"W1-172",NA,NA,NA,NA,NA,NA,NA,NA,NA,NA,NA,NA,NA
"W1-173",NA,NA,NA,NA,NA,NA,NA,NA,NA,NA,NA,NA,NA
"W1-174",NA,NA,NA,NA,NA,NA,NA,NA,NA,NA,NA,NA,NA
"W1-175",NA,NA,NA,NA,NA,NA,NA,NA,NA,NA,NA,NA,NA
"W1-176",NA,NA,NA,NA,NA,NA,NA,NA,NA,NA,NA,NA,NA
"W1-177",NA,NA,NA,NA,NA,NA,NA,NA,NA,NA,NA,NA,NA
"W1-178",NA,NA,NA,NA,NA,NA,NA,NA,NA,NA,NA,NA,NA
"W1-179",NA,NA,NA,NA,NA,NA,NA,NA,NA,NA,NA,NA,NA
"W1-180",NA,NA,NA,NA,NA,NA,NA,NA,NA,NA,NA,NA,NA
"W1-181",NA,NA,NA,NA,NA,NA,NA,NA,NA,NA,NA,NA,NA
"W1-182",NA,NA,NA,NA,NA,NA,NA,NA,NA,NA,NA,NA,NA
"W1-183",NA,NA,NA,NA,NA,NA,NA,NA,NA,NA,NA,NA,NA
"W1-184",NA,NA,NA,NA,NA,NA,NA,NA,NA,NA,NA,NA,NA
"W1-185",NA,NA,NA,NA,NA,NA,NA,NA,NA,NA,NA,NA,NA
"W1-186",NA,NA,NA,NA,NA,NA,NA,NA,NA,NA,NA,NA,NA
"W1-187",NA,NA,NA,NA,NA,NA,NA,NA,NA,NA,NA,NA,NA
"W1-188",NA,NA,NA,NA,NA,NA,NA,NA,NA,NA,NA,NA,NA
"W1-189",NA,NA,NA,NA,NA,NA,NA,NA,NA,NA,NA,NA,NA
"W1-190",NA,NA,NA,NA,NA,NA,NA,NA,NA,NA,NA,NA,NA
"W1-191",NA,NA,NA,NA,NA,NA,NA,NA,NA,NA,NA,NA,NA
"W1-192",NA,NA,NA,NA,NA,NA,NA,NA,NA,NA,NA,NA,NA
"W1-193",NA,NA,NA,NA,NA,NA,NA,NA,NA,NA,NA,NA,NA
"W1-194",NA,NA,NA,NA,NA,NA,NA,NA,NA,NA,NA,NA,NA
"W1-195",NA,NA,NA,NA,NA,NA,NA,NA,NA,NA,NA,NA,NA
"W1-196",NA,NA,NA,NA,NA,NA,NA,NA,NA,NA,NA,NA,NA
"W1-197",NA,NA,NA,NA,NA,NA,NA,NA,NA,NA,NA,NA,NA
"W1-198",NA,NA,NA,NA,NA,NA,NA,NA,NA,NA,NA,NA,NA
"W1-199",NA,NA,NA,NA,NA,NA,NA,NA,NA,NA,NA,NA,NA
"W1-200",NA,NA,NA,NA,NA,NA,NA,NA,NA,NA,NA,NA,NA
"W1-301",NA,NA,NA,NA,NA,NA,NA,NA,NA,NA,NA,NA,NA
"W1-302",NA,NA,NA,NA,NA,NA,NA,NA,NA,NA,NA,NA,NA
"W1-303",NA,NA,NA,NA,NA,NA,NA,NA,NA,NA,NA,NA,NA
"W1-304",NA,NA,NA,NA,NA,NA,NA,NA,NA,NA,NA,NA,NA
"W1-305",NA,NA,NA,NA,NA,NA,NA,NA,NA,NA,NA,NA,NA
"W1-306",NA,NA,NA,NA,NA,NA,NA,NA,NA,NA,NA,NA,NA
"W1-307",NA,NA,NA,NA,NA,NA,NA,NA,NA,NA,NA,NA,NA
"W1-308",NA,NA,NA,NA,NA,NA,NA,NA,NA,NA,NA,NA,NA
"W1-309",NA,NA,NA,NA,NA,NA,NA,NA,NA,NA,NA,NA,NA
"W1-310",NA,NA,NA,NA,NA,NA,NA,NA,NA,NA,NA,NA,NA
"W1-311",NA,NA,NA,NA,NA,NA,NA,NA,NA,NA,NA,NA,NA
"W1-312",NA,NA,NA,NA,NA,NA,NA,NA,NA,NA,NA,NA,NA
"W1-313",NA,NA,NA,NA,NA,NA,NA,NA,NA,NA,NA,NA,NA
"W1-314",NA,NA,NA,NA,NA,NA,NA,NA,NA,NA,NA,NA,NA
"W1-315",NA,NA,NA,NA,NA,NA,NA,NA,NA,NA,NA,NA,NA
"W1-316",NA,NA,NA,NA,NA,NA,NA,NA,NA,NA,NA,NA,NA
"W1-317",NA,NA,NA,NA,NA,NA,NA,NA,NA,NA,NA,NA,NA
"W1-318",NA,NA,NA,NA,NA,NA,NA,NA,NA,NA,NA,NA,NA
"W1-319",NA,NA,NA,NA,NA,NA,NA,NA,NA,NA,NA,NA,NA
"W1-320",NA,NA,NA,NA,NA,NA,NA,NA,NA,NA,NA,NA,NA
"W1-321",NA,NA,NA,NA,NA,NA,NA,NA,NA,NA,NA,NA,NA
"W1-322",NA,NA,NA,NA,NA,NA,NA,NA,NA,NA,NA,NA,NA
"W1-323",NA,NA,NA,NA,NA,NA,NA,NA,NA,NA,NA,NA,NA
"W1-324",NA,NA,NA,NA,NA,NA,NA,NA,NA,NA,NA,NA,NA
"W1-325",NA,NA,NA,NA,NA,NA,NA,NA,NA,NA,NA,NA,NA
"W1-326",NA,NA,NA,NA,NA,NA,NA,NA,NA,NA,NA,NA,NA
"W1-327",NA,NA,NA,NA,NA,NA,NA,NA,NA,NA,NA,NA,NA
"W1-328",NA,NA,NA,NA,NA,NA,NA,NA,NA,NA,NA,NA,NA
"W1-329",NA,NA,NA,NA,NA,NA,NA,NA,NA,NA,NA,NA,NA
"W1-330",NA,NA,NA,NA,NA,NA,NA,NA,NA,NA,NA,NA,NA
"W1-331",NA,NA,NA,NA,NA,NA,NA,NA,NA,NA,NA,NA,NA
"W1-332",NA,NA,NA,NA,NA,NA,NA,NA,NA,NA,NA,NA,NA
"W1-333",NA,NA,NA,NA,NA,NA,NA,NA,NA,NA,NA,NA,NA
"W1-334",NA,NA,NA,NA,NA,NA,NA,NA,NA,NA,NA,NA,NA
"W1-335",NA,NA,NA,NA,NA,NA,NA,NA,NA,NA,NA,NA,NA
"W1-336",NA,NA,NA,NA,NA,NA,NA,NA,NA,NA,NA,NA,NA
"W1-337",NA,NA,NA,NA,NA,NA,NA,NA,NA,NA,NA,NA,NA
"W1-338",NA,NA,NA,NA,NA,NA,NA,NA,NA,NA,NA,NA,NA
"W1-339",NA,NA,NA,NA,NA,NA,NA,NA,NA,NA,NA,NA,NA
"W1-340",NA,NA,NA,NA,NA,NA,NA,NA,NA,NA,NA,NA,NA
"W1-341",NA,NA,NA,NA,NA,NA,NA,NA,NA,NA,NA,NA,NA
"W1-342",NA,NA,NA,NA,NA,NA,NA,NA,NA,NA,NA,NA,NA
"W1-343",NA,NA,NA,NA,NA,NA,NA,NA,NA,NA,NA,NA,NA
"W1-344",NA,NA,NA,NA,NA,NA,NA,NA,NA,NA,NA,NA,NA
"W1-345",NA,NA,NA,NA,NA,NA,NA,NA,NA,NA,NA,NA,NA
"W1-346",NA,NA,NA,NA,NA,NA,NA,NA,NA,NA,NA,NA,NA
"W1-401",NA,NA,NA,NA,NA,NA,NA,NA,NA,NA,NA,NA,NA
"W1-402",NA,NA,NA,NA,NA,NA,NA,NA,NA,NA,NA,NA,NA
"W1-403",NA,NA,NA,NA,NA,NA,NA,NA,NA,NA,NA,NA,NA
"W1-404",NA,NA,NA,NA,NA,NA,NA,NA,NA,NA,NA,NA,NA
"W1-405",NA,NA,NA,NA,NA,NA,NA,NA,NA,NA,NA,NA,NA
"W1-406",NA,NA,NA,NA,NA,NA,NA,NA,NA,NA,NA,NA,NA
"W1-407",NA,NA,NA,NA,NA,NA,NA,NA,NA,NA,NA,NA,NA
"W1-408",NA,NA,NA,NA,NA,NA,NA,NA,NA,NA,NA,NA,NA
"W1-409",NA,NA,NA,NA,NA,NA,NA,NA,NA,NA,NA,NA,NA
"W1-410",NA,NA,NA,NA,NA,NA,NA,NA,NA,NA,NA,NA,NA
"W2-001",NA,NA,NA,NA,NA,NA,NA,NA,NA,NA,NA,NA,NA
"W2-002",NA,NA,NA,NA,NA,NA,NA,NA,NA,NA,NA,NA,NA
"W2-003",NA,NA,NA,NA,NA,NA,NA,NA,NA,NA,NA,NA,NA
"W2-004",NA,NA,NA,NA,NA,NA,NA,NA,NA,NA,NA,NA,NA
"W2-005",NA,NA,NA,NA,NA,NA,NA,NA,NA,NA,NA,NA,NA
"W2-006",NA,NA,NA,NA,NA,NA,NA,NA,NA,NA,NA,NA,NA
"W2-007",NA,NA,NA,NA,NA,NA,NA,NA,NA,NA,NA,NA,NA
"W2-008",NA,NA,NA,NA,NA,NA,NA,NA,NA,NA,NA,NA,NA
"W2-009",NA,NA,NA,NA,NA,NA,NA,NA,NA,NA,NA,NA,NA
"W2-010",NA,NA,NA,NA,NA,NA,NA,NA,NA,NA,NA,NA,NA
"W2-011",NA,NA,NA,NA,NA,NA,NA,NA,NA,NA,NA,NA,NA
"W2-012",NA,NA,NA,NA,NA,NA,NA,NA,NA,NA,NA,NA,NA
"W2-013",NA,NA,NA,NA,NA,NA,NA,NA,NA,NA,NA,NA,NA
"W2-014",NA,NA,NA,NA,NA,NA,NA,NA,NA,NA,NA,NA,NA
"W2-015",NA,NA,NA,NA,NA,NA,NA,NA,NA,NA,NA,NA,NA
"W2-016",NA,NA,NA,NA,NA,NA,NA,NA,NA,NA,NA,NA,NA
"W2-017",NA,NA,NA,NA,NA,NA,NA,NA,NA,NA,NA,NA,NA
"W2-018",NA,NA,NA,NA,NA,NA,NA,NA,NA,NA,NA,NA,NA
"W2-019",NA,NA,NA,NA,NA,NA,NA,NA,NA,NA,NA,NA,NA
"W2-020",NA,NA,NA,NA,NA,NA,NA,NA,NA,NA,NA,NA,NA
"W2-021",NA,NA,NA,NA,NA,NA,NA,NA,NA,NA,NA,NA,NA
"W2-022",NA,NA,NA,NA,NA,NA,NA,NA,NA,NA,NA,NA,NA
"W2-023",NA,NA,NA,NA,NA,NA,NA,NA,NA,NA,NA,NA,NA
"W2-024",NA,NA,NA,NA,NA,NA,NA,NA,NA,NA,NA,NA,NA
"W2-025",NA,NA,NA,NA,NA,NA,NA,NA,NA,NA,NA,NA,NA
"W2-026",NA,NA,NA,NA,NA,NA,NA,NA,NA,NA,NA,NA,NA
"W2-027",NA,NA,NA,NA,NA,NA,NA,NA,NA,NA,NA,NA,NA
"W2-028",NA,NA,NA,NA,NA,NA,NA,NA,NA,NA,NA,NA,NA
"W2-029",NA,NA,NA,NA,NA,NA,NA,NA,NA,NA,NA,NA,NA
"W2-030",NA,NA,NA,NA,NA,NA,NA,NA,NA,NA,NA,NA,NA
"W2-031",NA,NA,NA,NA,NA,NA,NA,NA,NA,NA,NA,NA,NA
"W2-032",NA,NA,NA,NA,NA,NA,NA,NA,NA,NA,NA,NA,NA
"W2-033",NA,NA,NA,NA,NA,NA,NA,NA,NA,NA,NA,NA,NA
"W2-034",NA,NA,NA,NA,NA,NA,NA,NA,NA,NA,NA,NA,NA
"W2-035",NA,NA,NA,NA,NA,NA,NA,NA,NA,NA,NA,NA,NA
"W2-036",NA,NA,NA,NA,NA,NA,NA,NA,NA,NA,NA,NA,NA
"W2-037",NA,NA,NA,NA,NA,NA,NA,NA,NA,NA,NA,NA,NA
"W2-038",NA,NA,NA,NA,NA,NA,NA,NA,NA,NA,NA,NA,NA
"W2-039",NA,NA,NA,NA,NA,NA,NA,NA,NA,NA,NA,NA,NA
"W2-040",NA,NA,NA,NA,NA,NA,NA,NA,NA,NA,NA,NA,NA
"W2-041",NA,NA,NA,NA,NA,NA,NA,NA,NA,NA,NA,NA,NA
"W2-042",NA,NA,NA,NA,NA,NA,NA,NA,NA,NA,NA,NA,NA
"W2-043",NA,NA,NA,NA,NA,NA,NA,NA,NA,NA,NA,NA,NA
"W2-044",NA,NA,NA,NA,NA,NA,NA,NA,NA,NA,NA,NA,NA
"W2-045",NA,NA,NA,NA,NA,NA,NA,NA,NA,NA,NA,NA,NA
"W2-046",NA,NA,NA,NA,NA,NA,NA,NA,NA,NA,NA,NA,NA
"W2-047",NA,NA,NA,NA,NA,NA,NA,NA,NA,NA,NA,NA,NA
"W2-048",NA,NA,NA,NA,NA,NA,NA,NA,NA,NA,NA,NA,NA
"W2-049",NA,NA,NA,NA,NA,NA,NA,NA,NA,NA,NA,NA,NA
"W2-050",NA,NA,NA,NA,NA,NA,NA,NA,NA,NA,NA,NA,NA
"W2-051",NA,NA,NA,NA,NA,NA,NA,NA,NA,NA,NA,NA,NA
"W2-052",NA,NA,NA,NA,NA,NA,NA,NA,NA,NA,NA,NA,NA
"W2-053",NA,NA,NA,NA,NA,NA,NA,NA,NA,NA,NA,NA,NA
"W2-054",NA,NA,NA,NA,NA,NA,NA,NA,NA,NA,NA,NA,NA
"W2-055",NA,NA,NA,NA,NA,NA,NA,NA,NA,NA,NA,NA,NA
"W2-056",NA,NA,NA,NA,NA,NA,NA,NA,NA,NA,NA,NA,NA
"W2-057",NA,NA,NA,NA,NA,NA,NA,NA,NA,NA,NA,NA,NA
"W2-058",NA,NA,NA,NA,NA,NA,NA,NA,NA,NA,NA,NA,NA
"W2-059",NA,NA,NA,NA,NA,NA,NA,NA,NA,NA,NA,NA,NA
"W2-060",NA,NA,NA,NA,NA,NA,NA,NA,NA,NA,NA,NA,NA
"W2-061",NA,NA,NA,NA,NA,NA,NA,NA,NA,NA,NA,NA,NA
"W2-062",NA,NA,NA,NA,NA,NA,NA,NA,NA,NA,NA,NA,NA
"W2-063",NA,NA,NA,NA,NA,NA,NA,NA,NA,NA,NA,NA,NA
"W2-064",NA,NA,NA,NA,NA,NA,NA,NA,NA,NA,NA,NA,NA
"W2-065",NA,NA,NA,NA,NA,NA,NA,NA,NA,NA,NA,NA,NA
"W2-066",NA,NA,NA,NA,NA,NA,NA,NA,NA,NA,NA,NA,NA
"W2-067",NA,NA,NA,NA,NA,NA,NA,NA,NA,NA,NA,NA,NA
"W2-068",NA,NA,NA,NA,NA,NA,NA,NA,NA,NA,NA,NA,NA
"W2-069",NA,NA,NA,NA,NA,NA,NA,NA,NA,NA,NA,NA,NA
"W2-070",NA,NA,NA,NA,NA,NA,NA,NA,NA,NA,NA,NA,NA
"W2-071",NA,NA,NA,NA,NA,NA,NA,NA,NA,NA,NA,NA,NA
"W2-072",NA,NA,NA,NA,NA,NA,NA,NA,NA,NA,NA,NA,NA
"W2-073",NA,NA,NA,NA,NA,NA,NA,NA,NA,NA,NA,NA,NA
"W2-074",NA,NA,NA,NA,NA,NA,NA,NA,NA,NA,NA,NA,NA
"W2-075",NA,NA,NA,NA,NA,NA,NA,NA,NA,NA,NA,NA,NA
"W2-076",NA,NA,NA,NA,NA,NA,NA,NA,NA,NA,NA,NA,NA
"W2-077",NA,NA,NA,NA,NA,NA,NA,NA,NA,NA,NA,NA,NA
"W2-078",NA,NA,NA,NA,NA,NA,NA,NA,NA,NA,NA,NA,NA
"W2-079",NA,NA,NA,NA,NA,NA,NA,NA,NA,NA,NA,NA,NA
"W2-080",NA,NA,NA,NA,NA,NA,NA,NA,NA,NA,NA,NA,NA
"W2-081",NA,NA,NA,NA,NA,NA,NA,NA,NA,NA,NA,NA,NA
"W2-082",NA,NA,NA,NA,NA,NA,NA,NA,NA,NA,NA,NA,NA
"W2-083",NA,NA,NA,NA,NA,NA,NA,NA,NA,NA,NA,NA,NA
"W2-084",NA,NA,NA,NA,NA,NA,NA,NA,NA,NA,NA,NA,NA
"W2-085",NA,NA,NA,NA,NA,NA,NA,NA,NA,NA,NA,NA,NA
"W2-086",NA,NA,NA,NA,NA,NA,NA,NA,NA,NA,NA,NA,NA
"W2-087",NA,NA,NA,NA,NA,NA,NA,NA,NA,NA,NA,NA,NA
"W2-088",NA,NA,NA,NA,NA,NA,NA,NA,NA,NA,NA,NA,NA
"W2-089",NA,NA,NA,NA,NA,NA,NA,NA,NA,NA,NA,NA,NA
"W2-090",NA,NA,NA,NA,NA,NA,NA,NA,NA,NA,NA,NA,NA
"W2-091",NA,NA,NA,NA,NA,NA,NA,NA,NA,NA,NA,NA,NA
"W2-092",NA,NA,NA,NA,NA,NA,NA,NA,NA,NA,NA,NA,NA
"W2-093",NA,NA,NA,NA,NA,NA,NA,NA,NA,NA,NA,NA,NA
"W2-094",NA,NA,NA,NA,NA,NA,NA,NA,NA,NA,NA,NA,NA
"W2-095",NA,NA,NA,NA,NA,NA,NA,NA,NA,NA,NA,NA,NA
"W2-096",NA,NA,NA,NA,NA,NA,NA,NA,NA,NA,NA,NA,NA
"W2-097",NA,NA,NA,NA,NA,NA,NA,NA,NA,NA,NA,NA,NA
"W2-098",NA,NA,NA,NA,NA,NA,NA,NA,NA,NA,NA,NA,NA
"W2-099",NA,NA,NA,NA,NA,NA,NA,NA,NA,NA,NA,NA,NA
"W2-100",NA,NA,NA,NA,NA,NA,NA,NA,NA,NA,NA,NA,NA
"W2-101",NA,NA,NA,NA,NA,NA,NA,NA,NA,NA,NA,NA,NA
"W2-102",NA,NA,NA,NA,NA,NA,NA,NA,NA,NA,NA,NA,NA
"W2-103",NA,NA,NA,NA,NA,NA,NA,NA,NA,NA,NA,NA,NA
"W2-104",NA,NA,NA,NA,NA,NA,NA,NA,NA,NA,NA,NA,NA
"W2-105",NA,NA,NA,NA,NA,NA,NA,NA,NA,NA,NA,NA,NA
"W2-106",NA,NA,NA,NA,NA,NA,NA,NA,NA,NA,NA,NA,NA
"W2-107",NA,NA,NA,NA,NA,NA,NA,NA,NA,NA,NA,NA,NA
"W2-108",NA,NA,NA,NA,NA,NA,NA,NA,NA,NA,NA,NA,NA
"W2-109",NA,NA,NA,NA,NA,NA,NA,NA,NA,NA,NA,NA,NA
"W2-110",NA,NA,NA,NA,NA,NA,NA,NA,NA,NA,NA,NA,NA
"W2-111",NA,NA,NA,NA,NA,NA,NA,NA,NA,NA,NA,NA,NA
"W2-112",NA,NA,NA,NA,NA,NA,NA,NA,NA,NA,NA,NA,NA
"W2-113",NA,NA,NA,NA,NA,NA,NA,NA,NA,NA,NA,NA,NA
"W2-114",NA,NA,NA,NA,NA,NA,NA,NA,NA,NA,NA,NA,NA
"W2-115",NA,NA,NA,NA,NA,NA,NA,NA,NA,NA,NA,NA,NA
"W2-116",NA,NA,NA,NA,NA,NA,NA,NA,NA,NA,NA,NA,NA
"W2-117",NA,NA,NA,NA,NA,NA,NA,NA,NA,NA,NA,NA,NA
"W2-118",NA,NA,NA,NA,NA,NA,NA,NA,NA,NA,NA,NA,NA
"W2-119",NA,NA,NA,NA,NA,NA,NA,NA,NA,NA,NA,NA,NA
"W2-120",NA,NA,NA,NA,NA,NA,NA,NA,NA,NA,NA,NA,NA
"W2-121",NA,NA,NA,NA,NA,NA,NA,NA,NA,NA,NA,NA,NA
"W2-122",NA,NA,NA,NA,NA,NA,NA,NA,NA,NA,NA,NA,NA
"W2-123",NA,NA,NA,NA,NA,NA,NA,NA,NA,NA,NA,NA,NA
"W2-124",NA,NA,NA,NA,NA,NA,NA,NA,NA,NA,NA,NA,NA
"W2-125",NA,NA,NA,NA,NA,NA,NA,NA,NA,NA,NA,NA,NA
"W2-126",NA,NA,NA,NA,NA,NA,NA,NA,NA,NA,NA,NA,NA
"W2-127",NA,NA,NA,NA,NA,NA,NA,NA,NA,NA,NA,NA,NA
"W2-128",NA,NA,NA,NA,NA,NA,NA,NA,NA,NA,NA,NA,NA
"W2-129",NA,NA,NA,NA,NA,NA,NA,NA,NA,NA,NA,NA,NA
"W2-130",NA,NA,NA,NA,NA,NA,NA,NA,NA,NA,NA,NA,NA
"W2-131",NA,NA,NA,NA,NA,NA,NA,NA,NA,NA,NA,NA,NA
"W2-132",NA,NA,NA,NA,NA,NA,NA,NA,NA,NA,NA,NA,NA
"W2-133",NA,NA,NA,NA,NA,NA,NA,NA,NA,NA,NA,NA,NA
"W2-134",NA,NA,NA,NA,NA,NA,NA,NA,NA,NA,NA,NA,NA
"W2-135",NA,NA,NA,NA,NA,NA,NA,NA,NA,NA,NA,NA,NA
"W2-136",NA,NA,NA,NA,NA,NA,NA,NA,NA,NA,NA,NA,NA
"W2-137",NA,NA,NA,NA,NA,NA,NA,NA,NA,NA,NA,NA,NA
"W2-138",NA,NA,NA,NA,NA,NA,NA,NA,NA,NA,NA,NA,NA
"W2-139",NA,NA,NA,NA,NA,NA,NA,NA,NA,NA,NA,NA,NA
"W2-140",NA,NA,NA,NA,NA,NA,NA,NA,NA,NA,NA,NA,NA
"W2-141",NA,NA,NA,NA,NA,NA,NA,NA,NA,NA,NA,NA,NA
"W2-142",NA,NA,NA,NA,NA,NA,NA,NA,NA,NA,NA,NA,NA
"W2-143",NA,NA,NA,NA,NA,NA,NA,NA,NA,NA,NA,NA,NA
"W2-144",NA,NA,NA,NA,NA,NA,NA,NA,NA,NA,NA,NA,NA
"W2-145",NA,NA,NA,NA,NA,NA,NA,NA,NA,NA,NA,NA,NA
"W2-146",NA,NA,NA,NA,NA,NA,NA,NA,NA,NA,NA,NA,NA
"W2-147",NA,NA,NA,NA,NA,NA,NA,NA,NA,NA,NA,NA,NA
"W2-148",NA,NA,NA,NA,NA,NA,NA,NA,NA,NA,NA,NA,NA
"W2-149",NA,NA,NA,NA,NA,NA,NA,NA,NA,NA,NA,NA,NA
"W2-150",NA,NA,NA,NA,NA,NA,NA,NA,NA,NA,NA,NA,NA
"W2-151",NA,NA,NA,NA,NA,NA,NA,NA,NA,NA,NA,NA,NA
"W2-152",NA,NA,NA,NA,NA,NA,NA,NA,NA,NA,NA,NA,NA
"W2-153",NA,NA,NA,NA,NA,NA,NA,NA,NA,NA,NA,NA,NA
"W2-154",NA,NA,NA,NA,NA,NA,NA,NA,NA,NA,NA,NA,NA
"W2-155",NA,NA,NA,NA,NA,NA,NA,NA,NA,NA,NA,NA,NA
"W2-156",NA,NA,NA,NA,NA,NA,NA,NA,NA,NA,NA,NA,NA
"W2-157",NA,NA,NA,NA,NA,NA,NA,NA,NA,NA,NA,NA,NA
"W2-158",NA,NA,NA,NA,NA,NA,NA,NA,NA,NA,NA,NA,NA
"W2-159",NA,NA,NA,NA,NA,NA,NA,NA,NA,NA,NA,NA,NA
"W2-160",NA,NA,NA,NA,NA,NA,NA,NA,NA,NA,NA,NA,NA
"W2-161",NA,NA,NA,NA,NA,NA,NA,NA,NA,NA,NA,NA,NA
"W2-162",NA,NA,NA,NA,NA,NA,NA,NA,NA,NA,NA,NA,NA
"W2-163",NA,NA,NA,NA,NA,NA,NA,NA,NA,NA,NA,NA,NA
"W2-164",NA,NA,NA,NA,NA,NA,NA,NA,NA,NA,NA,NA,NA
"W2-165",NA,NA,NA,NA,NA,NA,NA,NA,NA,NA,NA,NA,NA
"W2-166",NA,NA,NA,NA,NA,NA,NA,NA,NA,NA,NA,NA,NA
"W2-167",NA,NA,NA,NA,NA,NA,NA,NA,NA,NA,NA,NA,NA
"W2-168",NA,NA,NA,NA,NA,NA,NA,NA,NA,NA,NA,NA,NA
"W2-169",NA,NA,NA,NA,NA,NA,NA,NA,NA,NA,NA,NA,NA
"W2-170",NA,NA,NA,NA,NA,NA,NA,NA,NA,NA,NA,NA,NA
"W2-171",NA,NA,NA,NA,NA,NA,NA,NA,NA,NA,NA,NA,NA
"W2-172",NA,NA,NA,NA,NA,NA,NA,NA,NA,NA,NA,NA,NA
"W2-173",NA,NA,NA,NA,NA,NA,NA,NA,NA,NA,NA,NA,NA
"W2-174",NA,NA,NA,NA,NA,NA,NA,NA,NA,NA,NA,NA,NA
"W2-175",NA,NA,NA,NA,NA,NA,NA,NA,NA,NA,NA,NA,NA
"W2-176",NA,NA,NA,NA,NA,NA,NA,NA,NA,NA,NA,NA,NA
"W2-177",NA,NA,NA,NA,NA,NA,NA,NA,NA,NA,NA,NA,NA
"W2-178",NA,NA,NA,NA,NA,NA,NA,NA,NA,NA,NA,NA,NA
"W2-179",NA,NA,NA,NA,NA,NA,NA,NA,NA,NA,NA,NA,NA
"W2-180",NA,NA,NA,NA,NA,NA,NA,NA,NA,NA,NA,NA,NA
"W2-181",NA,NA,NA,NA,NA,NA,NA,NA,NA,NA,NA,NA,NA
"W2-182",NA,NA,NA,NA,NA,NA,NA,NA,NA,NA,NA,NA,NA
"W2-183",NA,NA,NA,NA,NA,NA,NA,NA,NA,NA,NA,NA,NA
"W2-184",NA,NA,NA,NA,NA,NA,NA,NA,NA,NA,NA,NA,NA
"W2-185",NA,NA,NA,NA,NA,NA,NA,NA,NA,NA,NA,NA,NA
"W2-186",NA,NA,NA,NA,NA,NA,NA,NA,NA,NA,NA,NA,NA
"W2-187",NA,NA,NA,NA,NA,NA,NA,NA,NA,NA,NA,NA,NA
"W2-188",NA,NA,NA,NA,NA,NA,NA,NA,NA,NA,NA,NA,NA
"W2-189",NA,NA,NA,NA,NA,NA,NA,NA,NA,NA,NA,NA,NA
"W2-190",NA,NA,NA,NA,NA,NA,NA,NA,NA,NA,NA,NA,NA
"W2-191",NA,NA,NA,NA,NA,NA,NA,NA,NA,NA,NA,NA,NA
"W2-192",NA,NA,NA,NA,NA,NA,NA,NA,NA,NA,NA,NA,NA
"W2-193",NA,NA,NA,NA,NA,NA,NA,NA,NA,NA,NA,NA,NA
"W2-194",NA,NA,NA,NA,NA,NA,NA,NA,NA,NA,NA,NA,NA
"W2-195",NA,NA,NA,NA,NA,NA,NA,NA,NA,NA,NA,NA,NA
"W2-196",NA,NA,NA,NA,NA,NA,NA,NA,NA,NA,NA,NA,NA
"W2-197",NA,NA,NA,NA,NA,NA,NA,NA,NA,NA,NA,NA,NA
"W2-198",NA,NA,NA,NA,NA,NA,NA,NA,NA,NA,NA,NA,NA
"W2-199",NA,NA,NA,NA,NA,NA,NA,NA,NA,NA,NA,NA,NA
"W2-200",NA,NA,NA,NA,NA,NA,NA,NA,NA,NA,NA,NA,NA
"W2-301",NA,NA,NA,NA,NA,NA,NA,NA,NA,NA,NA,NA,NA
"W2-302",NA,NA,NA,NA,NA,NA,NA,NA,NA,NA,NA,NA,NA
"W2-303",NA,NA,NA,NA,NA,NA,NA,NA,NA,NA,NA,NA,NA
"W2-304",NA,NA,NA,NA,NA,NA,NA,NA,NA,NA,NA,NA,NA
"W2-305",NA,NA,NA,NA,NA,NA,NA,NA,NA,NA,NA,NA,NA
"W2-306",NA,NA,NA,NA,NA,NA,NA,NA,NA,NA,NA,NA,NA
"W2-307",NA,NA,NA,NA,NA,NA,NA,NA,NA,NA,NA,NA,NA
"W2-308",NA,NA,NA,NA,NA,NA,NA,NA,NA,NA,NA,NA,NA
"W2-309",NA,NA,NA,NA,NA,NA,NA,NA,NA,NA,NA,NA,NA
"W2-310",NA,NA,NA,NA,NA,NA,NA,NA,NA,NA,NA,NA,NA
"W2-311",NA,NA,NA,NA,NA,NA,NA,NA,NA,NA,NA,NA,NA
"W2-312",NA,NA,NA,NA,NA,NA,NA,NA,NA,NA,NA,NA,NA
"W2-313",NA,NA,NA,NA,NA,NA,NA,NA,NA,NA,NA,NA,NA
"W2-314",NA,NA,NA,NA,NA,NA,NA,NA,NA,NA,NA,NA,NA
"W2-315",NA,NA,NA,NA,NA,NA,NA,NA,NA,NA,NA,NA,NA
"W2-316",NA,NA,NA,NA,NA,NA,NA,NA,NA,NA,NA,NA,NA
"W2-317",NA,NA,NA,NA,NA,NA,NA,NA,NA,NA,NA,NA,NA
"W2-318",NA,NA,NA,NA,NA,NA,NA,NA,NA,NA,NA,NA,NA
"W2-319",NA,NA,NA,NA,NA,NA,NA,NA,NA,NA,NA,NA,NA
"W2-320",NA,NA,NA,NA,NA,NA,NA,NA,NA,NA,NA,NA,NA
"W2-321",NA,NA,NA,NA,NA,NA,NA,NA,NA,NA,NA,NA,NA
"W2-322",NA,NA,NA,NA,NA,NA,NA,NA,NA,NA,NA,NA,NA
"W2-323",NA,NA,NA,NA,NA,NA,NA,NA,NA,NA,NA,NA,NA
"W2-324",NA,NA,NA,NA,NA,NA,NA,NA,NA,NA,NA,NA,NA
"W2-325",NA,NA,NA,NA,NA,NA,NA,NA,NA,NA,NA,NA,NA
"W2-326",NA,NA,NA,NA,NA,NA,NA,NA,NA,NA,NA,NA,NA
"W2-327",NA,NA,NA,NA,NA,NA,NA,NA,NA,NA,NA,NA,NA
"W2-328",NA,NA,NA,NA,NA,NA,NA,NA,NA,NA,NA,NA,NA
"W2-329",NA,NA,NA,NA,NA,NA,NA,NA,NA,NA,NA,NA,NA
"W2-330",NA,NA,NA,NA,NA,NA,NA,NA,NA,NA,NA,NA,NA
"W2-331",NA,NA,NA,NA,NA,NA,NA,NA,NA,NA,NA,NA,NA
"W2-332",NA,NA,NA,NA,NA,NA,NA,NA,NA,NA,NA,NA,NA
"W2-333",NA,NA,NA,NA,NA,NA,NA,NA,NA,NA,NA,NA,NA
"W2-334",NA,NA,NA,NA,NA,NA,NA,NA,NA,NA,NA,NA,NA
"W2-335",NA,NA,NA,NA,NA,NA,NA,NA,NA,NA,NA,NA,NA
"W2-336",NA,NA,NA,NA,NA,NA,NA,NA,NA,NA,NA,NA,NA
"W2-337",NA,NA,NA,NA,NA,NA,NA,NA,NA,NA,NA,NA,NA
"W2-338",NA,NA,NA,NA,NA,NA,NA,NA,NA,NA,NA,NA,NA
"W2-339",NA,NA,NA,NA,NA,NA,NA,NA,NA,NA,NA,NA,NA
"W2-340",NA,NA,NA,NA,NA,NA,NA,NA,NA,NA,NA,NA,NA
"W2-341",NA,NA,NA,NA,NA,NA,NA,NA,NA,NA,NA,NA,NA
"W2-342",NA,NA,NA,NA,NA,NA,NA,NA,NA,NA,NA,NA,NA
"W2-343",NA,NA,NA,NA,NA,NA,NA,NA,NA,NA,NA,NA,NA
"W2-344",NA,NA,NA,NA,NA,NA,NA,NA,NA,NA,NA,NA,NA
"W2-345",NA,NA,NA,NA,NA,NA,NA,NA,NA,NA,NA,NA,NA
"W2-346",NA,NA,NA,NA,NA,NA,NA,NA,NA,NA,NA,NA,NA
"W2-401",NA,NA,NA,NA,NA,NA,NA,NA,NA,NA,NA,NA,NA
"W2-402",NA,NA,NA,NA,NA,NA,NA,NA,NA,NA,NA,NA,NA
"W2-403",NA,NA,NA,NA,NA,NA,NA,NA,NA,NA,NA,NA,NA
"W2-404",NA,NA,NA,NA,NA,NA,NA,NA,NA,NA,NA,NA,NA
"W2-405",NA,NA,NA,NA,NA,NA,NA,NA,NA,NA,NA,NA,NA
"W2-406",NA,NA,NA,NA,NA,NA,NA,NA,NA,NA,NA,NA,NA
"W2-407",NA,NA,NA,NA,NA,NA,NA,NA,NA,NA,NA,NA,NA
"W2-408",NA,NA,NA,NA,NA,NA,NA,NA,NA,NA,NA,NA,NA
"W2-409",NA,NA,NA,NA,NA,NA,NA,NA,NA,NA,NA,NA,NA
"W2-410",NA,NA,NA,NA,NA,NA,NA,NA,NA,NA,NA,NA,NA
"W3-001",NA,NA,NA,NA,NA,NA,NA,NA,NA,NA,NA,NA,NA
"W3-002",NA,NA,NA,NA,NA,NA,NA,NA,NA,NA,NA,NA,NA
"W3-003",NA,NA,NA,NA,NA,NA,NA,NA,NA,NA,NA,NA,NA
"W3-004",NA,NA,NA,NA,NA,NA,NA,NA,NA,NA,NA,NA,NA
"W3-005",NA,NA,NA,NA,NA,NA,NA,NA,NA,NA,NA,NA,NA
"W3-006",NA,NA,NA,NA,NA,NA,NA,NA,NA,NA,NA,NA,NA
"W3-007",NA,NA,NA,NA,NA,NA,NA,NA,NA,NA,NA,NA,NA
"W3-008",NA,NA,NA,NA,NA,NA,NA,NA,NA,NA,NA,NA,NA
"W3-009",NA,NA,NA,NA,NA,NA,NA,NA,NA,NA,NA,NA,NA
"W3-010",NA,NA,NA,NA,NA,NA,NA,NA,NA,NA,NA,NA,NA
"W3-011",NA,NA,NA,NA,NA,NA,NA,NA,NA,NA,NA,NA,NA
"W3-012",NA,NA,NA,NA,NA,NA,NA,NA,NA,NA,NA,NA,NA
"W3-013",NA,NA,NA,NA,NA,NA,NA,NA,NA,NA,NA,NA,NA
"W3-014",NA,NA,NA,NA,NA,NA,NA,NA,NA,NA,NA,NA,NA
"W3-015",NA,NA,NA,NA,NA,NA,NA,NA,NA,NA,NA,NA,NA
"W3-016",NA,NA,NA,NA,NA,NA,NA,NA,NA,NA,NA,NA,NA
"W3-017",NA,NA,NA,NA,NA,NA,NA,NA,NA,NA,NA,NA,NA
"W3-018",NA,NA,NA,NA,NA,NA,NA,NA,NA,NA,NA,NA,NA
"W3-019",NA,NA,NA,NA,NA,NA,NA,NA,NA,NA,NA,NA,NA
"W3-020",NA,NA,NA,NA,NA,NA,NA,NA,NA,NA,NA,NA,NA
"W3-021",NA,NA,NA,NA,NA,NA,NA,NA,NA,NA,NA,NA,NA
"W3-022",NA,NA,NA,NA,NA,NA,NA,NA,NA,NA,NA,NA,NA
"W3-023",NA,NA,NA,NA,NA,NA,NA,NA,NA,NA,NA,NA,NA
"W3-024",NA,NA,NA,NA,NA,NA,NA,NA,NA,NA,NA,NA,NA
"W3-025",NA,NA,NA,NA,NA,NA,NA,NA,NA,NA,NA,NA,NA
"W3-026",NA,NA,NA,NA,NA,NA,NA,NA,NA,NA,NA,NA,NA
"W3-027",NA,NA,NA,NA,NA,NA,NA,NA,NA,NA,NA,NA,NA
"W3-028",NA,NA,NA,NA,NA,NA,NA,NA,NA,NA,NA,NA,NA
"W3-029",NA,NA,NA,NA,NA,NA,NA,NA,NA,NA,NA,NA,NA
"W3-030",NA,NA,NA,NA,NA,NA,NA,NA,NA,NA,NA,NA,NA
"W3-031",NA,NA,NA,NA,NA,NA,NA,NA,NA,NA,NA,NA,NA
"W3-032",NA,NA,NA,NA,NA,NA,NA,NA,NA,NA,NA,NA,NA
"W3-033",NA,NA,NA,NA,NA,NA,NA,NA,NA,NA,NA,NA,NA
"W3-034",NA,NA,NA,NA,NA,NA,NA,NA,NA,NA,NA,NA,NA
"W3-035",NA,NA,NA,NA,NA,NA,NA,NA,NA,NA,NA,NA,NA
"W3-036",NA,NA,NA,NA,NA,NA,NA,NA,NA,NA,NA,NA,NA
"W3-037",NA,NA,NA,NA,NA,NA,NA,NA,NA,NA,NA,NA,NA
"W3-038",NA,NA,NA,NA,NA,NA,NA,NA,NA,NA,NA,NA,NA
"W3-039",NA,NA,NA,NA,NA,NA,NA,NA,NA,NA,NA,NA,NA
"W3-040",NA,NA,NA,NA,NA,NA,NA,NA,NA,NA,NA,NA,NA
"W3-041",NA,NA,NA,NA,NA,NA,NA,NA,NA,NA,NA,NA,NA
"W3-042",NA,NA,NA,NA,NA,NA,NA,NA,NA,NA,NA,NA,NA
"W3-043",NA,NA,NA,NA,NA,NA,NA,NA,NA,NA,NA,NA,NA
"W3-044",NA,NA,NA,NA,NA,NA,NA,NA,NA,NA,NA,NA,NA
"W3-045",NA,NA,NA,NA,NA,NA,NA,NA,NA,NA,NA,NA,NA
"W3-046",NA,NA,NA,NA,NA,NA,NA,NA,NA,NA,NA,NA,NA
"W3-047",NA,NA,NA,NA,NA,NA,NA,NA,NA,NA,NA,NA,NA
"W3-048",NA,NA,NA,NA,NA,NA,NA,NA,NA,NA,NA,NA,NA
"W3-049",NA,NA,NA,NA,NA,NA,NA,NA,NA,NA,NA,NA,NA
"W3-050",NA,NA,NA,NA,NA,NA,NA,NA,NA,NA,NA,NA,NA
"W3-051",NA,NA,NA,NA,NA,NA,NA,NA,NA,NA,NA,NA,NA
"W3-052",NA,NA,NA,NA,NA,NA,NA,NA,NA,NA,NA,NA,NA
"W3-053",NA,NA,NA,NA,NA,NA,NA,NA,NA,NA,NA,NA,NA
"W3-054",NA,NA,NA,NA,NA,NA,NA,NA,NA,NA,NA,NA,NA
"W3-055",NA,NA,NA,NA,NA,NA,NA,NA,NA,NA,NA,NA,NA
"W3-056",NA,NA,NA,NA,NA,NA,NA,NA,NA,NA,NA,NA,NA
"W3-057",NA,NA,NA,NA,NA,NA,NA,NA,NA,NA,NA,NA,NA
"W3-058",NA,NA,NA,NA,NA,NA,NA,NA,NA,NA,NA,NA,NA
"W3-059",NA,NA,NA,NA,NA,NA,NA,NA,NA,NA,NA,NA,NA
"W3-060",NA,NA,NA,NA,NA,NA,NA,NA,NA,NA,NA,NA,NA
"W3-061",NA,NA,NA,NA,NA,NA,NA,NA,NA,NA,NA,NA,NA
"W3-062",NA,NA,NA,NA,NA,NA,NA,NA,NA,NA,NA,NA,NA
"W3-063",NA,NA,NA,NA,NA,NA,NA,NA,NA,NA,NA,NA,NA
"W3-064",NA,NA,NA,NA,NA,NA,NA,NA,NA,NA,NA,NA,NA
"W3-065",NA,NA,NA,NA,NA,NA,NA,NA,NA,NA,NA,NA,NA
"W3-066",NA,NA,NA,NA,NA,NA,NA,NA,NA,NA,NA,NA,NA
"W3-067",NA,NA,NA,NA,NA,NA,NA,NA,NA,NA,NA,NA,NA
"W3-068",NA,NA,NA,NA,NA,NA,NA,NA,NA,NA,NA,NA,NA
"W3-069",NA,NA,NA,NA,NA,NA,NA,NA,NA,NA,NA,NA,NA
"W3-070",NA,NA,NA,NA,NA,NA,NA,NA,NA,NA,NA,NA,NA
"W3-071",NA,NA,NA,NA,NA,NA,NA,NA,NA,NA,NA,NA,NA
"W3-072",NA,NA,NA,NA,NA,NA,NA,NA,NA,NA,NA,NA,NA
"W3-073",NA,NA,NA,NA,NA,NA,NA,NA,NA,NA,NA,NA,NA
"W3-074",NA,NA,NA,NA,NA,NA,NA,NA,NA,NA,NA,NA,NA
"W3-075",NA,NA,NA,NA,NA,NA,NA,NA,NA,NA,NA,NA,NA
"W3-076",NA,NA,NA,NA,NA,NA,NA,NA,NA,NA,NA,NA,NA
"W3-077",NA,NA,NA,NA,NA,NA,NA,NA,NA,NA,NA,NA,NA
"W3-078",NA,NA,NA,NA,NA,NA,NA,NA,NA,NA,NA,NA,NA
"W3-079",NA,NA,NA,NA,NA,NA,NA,NA,NA,NA,NA,NA,NA
"W3-080",NA,NA,NA,NA,NA,NA,NA,NA,NA,NA,NA,NA,NA
"W3-081",NA,NA,NA,NA,NA,NA,NA,NA,NA,NA,NA,NA,NA
"W3-082",NA,NA,NA,NA,NA,NA,NA,NA,NA,NA,NA,NA,NA
"W3-083",NA,NA,NA,NA,NA,NA,NA,NA,NA,NA,NA,NA,NA
"W3-084",NA,NA,NA,NA,NA,NA,NA,NA,NA,NA,NA,NA,NA
"W3-085",NA,NA,NA,NA,NA,NA,NA,NA,NA,NA,NA,NA,NA
"W3-086",NA,NA,NA,NA,NA,NA,NA,NA,NA,NA,NA,NA,NA
"W3-087",NA,NA,NA,NA,NA,NA,NA,NA,NA,NA,NA,NA,NA
"W3-088",NA,NA,NA,NA,NA,NA,NA,NA,NA,NA,NA,NA,NA
"W3-089",NA,NA,NA,NA,NA,NA,NA,NA,NA,NA,NA,NA,NA
"W3-090",NA,NA,NA,NA,NA,NA,NA,NA,NA,NA,NA,NA,NA
"W3-091",NA,NA,NA,NA,NA,NA,NA,NA,NA,NA,NA,NA,NA
"W3-092",NA,NA,NA,NA,NA,NA,NA,NA,NA,NA,NA,NA,NA
"W3-093",NA,NA,NA,NA,NA,NA,NA,NA,NA,NA,NA,NA,NA
"W3-094",NA,NA,NA,NA,NA,NA,NA,NA,NA,NA,NA,NA,NA
"W3-095",NA,NA,NA,NA,NA,NA,NA,NA,NA,NA,NA,NA,NA
"W3-096",NA,NA,NA,NA,NA,NA,NA,NA,NA,NA,NA,NA,NA
"W3-097",NA,NA,NA,NA,NA,NA,NA,NA,NA,NA,NA,NA,NA
"W3-098",NA,NA,NA,NA,NA,NA,NA,NA,NA,NA,NA,NA,NA
"W3-099",NA,NA,NA,NA,NA,NA,NA,NA,NA,NA,NA,NA,NA
"W3-100",NA,NA,NA,NA,NA,NA,NA,NA,NA,NA,NA,NA,NA
"W3-101",NA,NA,NA,NA,NA,NA,NA,NA,NA,NA,NA,NA,NA
"W3-102",NA,NA,NA,NA,NA,NA,NA,NA,NA,NA,NA,NA,NA
"W3-103",NA,NA,NA,NA,NA,NA,NA,NA,NA,NA,NA,NA,NA
"W3-104",NA,NA,NA,NA,NA,NA,NA,NA,NA,NA,NA,NA,NA
"W3-105",NA,NA,NA,NA,NA,NA,NA,NA,NA,NA,NA,NA,NA
"W3-106",NA,NA,NA,NA,NA,NA,NA,NA,NA,NA,NA,NA,NA
"W3-107",NA,NA,NA,NA,NA,NA,NA,NA,NA,NA,NA,NA,NA
"W3-108",NA,NA,NA,NA,NA,NA,NA,NA,NA,NA,NA,NA,NA
"W3-109",NA,NA,NA,NA,NA,NA,NA,NA,NA,NA,NA,NA,NA
"W3-110",NA,NA,NA,NA,NA,NA,NA,NA,NA,NA,NA,NA,NA
"W3-111",NA,NA,NA,NA,NA,NA,NA,NA,NA,NA,NA,NA,NA
"W3-112",NA,NA,NA,NA,NA,NA,NA,NA,NA,NA,NA,NA,NA
"W3-113",NA,NA,NA,NA,NA,NA,NA,NA,NA,NA,NA,NA,NA
"W3-114",NA,NA,NA,NA,NA,NA,NA,NA,NA,NA,NA,NA,NA
"W3-115",NA,NA,NA,NA,NA,NA,NA,NA,NA,NA,NA,NA,NA
"W3-116",NA,NA,NA,NA,NA,NA,NA,NA,NA,NA,NA,NA,NA
"W3-117",NA,NA,NA,NA,NA,NA,NA,NA,NA,NA,NA,NA,NA
"W3-118",NA,NA,NA,NA,NA,NA,NA,NA,NA,NA,NA,NA,NA
"W3-119",NA,NA,NA,NA,NA,NA,NA,NA,NA,NA,NA,NA,NA
"W3-120",NA,NA,NA,NA,NA,NA,NA,NA,NA,NA,NA,NA,NA
"W3-121",NA,NA,NA,NA,NA,NA,NA,NA,NA,NA,NA,NA,NA
"W3-122",NA,NA,NA,NA,NA,NA,NA,NA,NA,NA,NA,NA,NA
"W3-123",NA,NA,NA,NA,NA,NA,NA,NA,NA,NA,NA,NA,NA
"W3-124",NA,NA,NA,NA,NA,NA,NA,NA,NA,NA,NA,NA,NA
"W3-125",NA,NA,NA,NA,NA,NA,NA,NA,NA,NA,NA,NA,NA
"W3-126",NA,NA,NA,NA,NA,NA,NA,NA,NA,NA,NA,NA,NA
"W3-127",NA,NA,NA,NA,NA,NA,NA,NA,NA,NA,NA,NA,NA
"W3-128",NA,NA,NA,NA,NA,NA,NA,NA,NA,NA,NA,NA,NA
"W3-129",NA,NA,NA,NA,NA,NA,NA,NA,NA,NA,NA,NA,NA
"W3-130",NA,NA,NA,NA,NA,NA,NA,NA,NA,NA,NA,NA,NA
"W3-131",NA,NA,NA,NA,NA,NA,NA,NA,NA,NA,NA,NA,NA
"W3-132",NA,NA,NA,NA,NA,NA,NA,NA,NA,NA,NA,NA,NA
"W3-133",NA,NA,NA,NA,NA,NA,NA,NA,NA,NA,NA,NA,NA
"W3-134",NA,NA,NA,NA,NA,NA,NA,NA,NA,NA,NA,NA,NA
"W3-135",NA,NA,NA,NA,NA,NA,NA,NA,NA,NA,NA,NA,NA
"W3-136",NA,NA,NA,NA,NA,NA,NA,NA,NA,NA,NA,NA,NA
"W3-137",NA,NA,NA,NA,NA,NA,NA,NA,NA,NA,NA,NA,NA
"W3-138",NA,NA,NA,NA,NA,NA,NA,NA,NA,NA,NA,NA,NA
"W3-139",NA,NA,NA,NA,NA,NA,NA,NA,NA,NA,NA,NA,NA
"W3-140",NA,NA,NA,NA,NA,NA,NA,NA,NA,NA,NA,NA,NA
"W3-141",NA,NA,NA,NA,NA,NA,NA,NA,NA,NA,NA,NA,NA
"W3-142",NA,NA,NA,NA,NA,NA,NA,NA,NA,NA,NA,NA,NA
"W3-143",NA,NA,NA,NA,NA,NA,NA,NA,NA,NA,NA,NA,NA
"W3-144",NA,NA,NA,NA,NA,NA,NA,NA,NA,NA,NA,NA,NA
"W3-145",NA,NA,NA,NA,NA,NA,NA,NA,NA,NA,NA,NA,NA
"W3-146",NA,NA,NA,NA,NA,NA,NA,NA,NA,NA,NA,NA,NA
"W3-147",NA,NA,NA,NA,NA,NA,NA,NA,NA,NA,NA,NA,NA
"W3-148",NA,NA,NA,NA,NA,NA,NA,NA,NA,NA,NA,NA,NA
"W3-149",NA,NA,NA,NA,NA,NA,NA,NA,NA,NA,NA,NA,NA
"W3-150",NA,NA,NA,NA,NA,NA,NA,NA,NA,NA,NA,NA,NA
"W3-151",NA,NA,NA,NA,NA,NA,NA,NA,NA,NA,NA,NA,NA
"W3-152",NA,NA,NA,NA,NA,NA,NA,NA,NA,NA,NA,NA,NA
"W3-153",NA,NA,NA,NA,NA,NA,NA,NA,NA,NA,NA,NA,NA
"W3-154",NA,NA,NA,NA,NA,NA,NA,NA,NA,NA,NA,NA,NA
"W3-155",NA,NA,NA,NA,NA,NA,NA,NA,NA,NA,NA,NA,NA
"W3-156",NA,NA,NA,NA,NA,NA,NA,NA,NA,NA,NA,NA,NA
"W3-157",NA,NA,NA,NA,NA,NA,NA,NA,NA,NA,NA,NA,NA
"W3-158",NA,NA,NA,NA,NA,NA,NA,NA,NA,NA,NA,NA,NA
"W3-159",NA,NA,NA,NA,NA,NA,NA,NA,NA,NA,NA,NA,NA
"W3-160",NA,NA,NA,NA,NA,NA,NA,NA,NA,NA,NA,NA,NA
"W3-161",NA,NA,NA,NA,NA,NA,NA,NA,NA,NA,NA,NA,NA
"W3-162",NA,NA,NA,NA,NA,NA,NA,NA,NA,NA,NA,NA,NA
"W3-163",NA,NA,NA,NA,NA,NA,NA,NA,NA,NA,NA,NA,NA
"W3-164",NA,NA,NA,NA,NA,NA,NA,NA,NA,NA,NA,NA,NA
"W3-165",NA,NA,NA,NA,NA,NA,NA,NA,NA,NA,NA,NA,NA
"W3-166",NA,NA,NA,NA,NA,NA,NA,NA,NA,NA,NA,NA,NA
"W3-167",NA,NA,NA,NA,NA,NA,NA,NA,NA,NA,NA,NA,NA
"W3-168",NA,NA,NA,NA,NA,NA,NA,NA,NA,NA,NA,NA,NA
"W3-169",NA,NA,NA,NA,NA,NA,NA,NA,NA,NA,NA,NA,NA
"W3-170",NA,NA,NA,NA,NA,NA,NA,NA,NA,NA,NA,NA,NA
"W3-171",NA,NA,NA,NA,NA,NA,NA,NA,NA,NA,NA,NA,NA
"W3-172",NA,NA,NA,NA,NA,NA,NA,NA,NA,NA,NA,NA,NA
"W3-173",NA,NA,NA,NA,NA,NA,NA,NA,NA,NA,NA,NA,NA
"W3-174",NA,NA,NA,NA,NA,NA,NA,NA,NA,NA,NA,NA,NA
"W3-175",NA,NA,NA,NA,NA,NA,NA,NA,NA,NA,NA,NA,NA
"W3-176",NA,NA,NA,NA,NA,NA,NA,NA,NA,NA,NA,NA,NA
"W3-177",NA,NA,NA,NA,NA,NA,NA,NA,NA,NA,NA,NA,NA
"W3-178",NA,NA,NA,NA,NA,NA,NA,NA,NA,NA,NA,NA,NA
"W3-179",NA,NA,NA,NA,NA,NA,NA,NA,NA,NA,NA,NA,NA
"W3-180",NA,NA,NA,NA,NA,NA,NA,NA,NA,NA,NA,NA,NA
"W3-181",NA,NA,NA,NA,NA,NA,NA,NA,NA,NA,NA,NA,NA
"W3-182",NA,NA,NA,NA,NA,NA,NA,NA,NA,NA,NA,NA,NA
"W3-183",NA,NA,NA,NA,NA,NA,NA,NA,NA,NA,NA,NA,NA
"W3-184",NA,NA,NA,NA,NA,NA,NA,NA,NA,NA,NA,NA,NA
"W3-185",NA,NA,NA,NA,NA,NA,NA,NA,NA,NA,NA,NA,NA
"W3-186",NA,NA,NA,NA,NA,NA,NA,NA,NA,NA,NA,NA,NA
"W3-187",NA,NA,NA,NA,NA,NA,NA,NA,NA,NA,NA,NA,NA
"W3-188",NA,NA,NA,NA,NA,NA,NA,NA,NA,NA,NA,NA,NA
"W3-189",NA,NA,NA,NA,NA,NA,NA,NA,NA,NA,NA,NA,NA
"W3-190",NA,NA,NA,NA,NA,NA,NA,NA,NA,NA,NA,NA,NA
"W3-191",NA,NA,NA,NA,NA,NA,NA,NA,NA,NA,NA,NA,NA
"W3-192",NA,NA,NA,NA,NA,NA,NA,NA,NA,NA,NA,NA,NA
"W3-193",NA,NA,NA,NA,NA,NA,NA,NA,NA,NA,NA,NA,NA
"W3-194",NA,NA,NA,NA,NA,NA,NA,NA,NA,NA,NA,NA,NA
"W3-195",NA,NA,NA,NA,NA,NA,NA,NA,NA,NA,NA,NA,NA
"W3-196",NA,NA,NA,NA,NA,NA,NA,NA,NA,NA,NA,NA,NA
"W3-197",NA,NA,NA,NA,NA,NA,NA,NA,NA,NA,NA,NA,NA
"W3-198",NA,NA,NA,NA,NA,NA,NA,NA,NA,NA,NA,NA,NA
"W3-199",NA,NA,NA,NA,NA,NA,NA,NA,NA,NA,NA,NA,NA
"W3-200",NA,NA,NA,NA,NA,NA,NA,NA,NA,NA,NA,NA,NA
"W3-301",NA,NA,NA,NA,NA,NA,NA,NA,NA,NA,NA,NA,NA
"W3-302",NA,NA,NA,NA,NA,NA,NA,NA,NA,NA,NA,NA,NA
"W3-303",NA,NA,NA,NA,NA,NA,NA,NA,NA,NA,NA,NA,NA
"W3-304",NA,NA,NA,NA,NA,NA,NA,NA,NA,NA,NA,NA,NA
"W3-305",NA,NA,NA,NA,NA,NA,NA,NA,NA,NA,NA,NA,NA
"W3-306",NA,NA,NA,NA,NA,NA,NA,NA,NA,NA,NA,NA,NA
"W3-307",NA,NA,NA,NA,NA,NA,NA,NA,NA,NA,NA,NA,NA
"W3-308",NA,NA,NA,NA,NA,NA,NA,NA,NA,NA,NA,NA,NA
"W3-309",NA,NA,NA,NA,NA,NA,NA,NA,NA,NA,NA,NA,NA
"W3-310",NA,NA,NA,NA,NA,NA,NA,NA,NA,NA,NA,NA,NA
"W3-311",NA,NA,NA,NA,NA,NA,NA,NA,NA,NA,NA,NA,NA
"W3-312",NA,NA,NA,NA,NA,NA,NA,NA,NA,NA,NA,NA,NA
"W3-313",NA,NA,NA,NA,NA,NA,NA,NA,NA,NA,NA,NA,NA
"W3-314",NA,NA,NA,NA,NA,NA,NA,NA,NA,NA,NA,NA,NA
"W3-315",NA,NA,NA,NA,NA,NA,NA,NA,NA,NA,NA,NA,NA
"W3-316",NA,NA,NA,NA,NA,NA,NA,NA,NA,NA,NA,NA,NA
"W3-317",NA,NA,NA,NA,NA,NA,NA,NA,NA,NA,NA,NA,NA
"W3-318",NA,NA,NA,NA,NA,NA,NA,NA,NA,NA,NA,NA,NA
"W3-319",NA,NA,NA,NA,NA,NA,NA,NA,NA,NA,NA,NA,NA
"W3-320",NA,NA,NA,NA,NA,NA,NA,NA,NA,NA,NA,NA,NA
"W3-321",NA,NA,NA,NA,NA,NA,NA,NA,NA,NA,NA,NA,NA
"W3-322",NA,NA,NA,NA,NA,NA,NA,NA,NA,NA,NA,NA,NA
"W3-323",NA,NA,NA,NA,NA,NA,NA,NA,NA,NA,NA,NA,NA
"W3-324",NA,NA,NA,NA,NA,NA,NA,NA,NA,NA,NA,NA,NA
"W3-325",NA,NA,NA,NA,NA,NA,NA,NA,NA,NA,NA,NA,NA
"W3-326",NA,NA,NA,NA,NA,NA,NA,NA,NA,NA,NA,NA,NA
"W3-327",NA,NA,NA,NA,NA,NA,NA,NA,NA,NA,NA,NA,NA
"W3-328",NA,NA,NA,NA,NA,NA,NA,NA,NA,NA,NA,NA,NA
"W3-329",NA,NA,NA,NA,NA,NA,NA,NA,NA,NA,NA,NA,NA
"W3-330",NA,NA,NA,NA,NA,NA,NA,NA,NA,NA,NA,NA,NA
"W3-331",NA,NA,NA,NA,NA,NA,NA,NA,NA,NA,NA,NA,NA
"W3-332",NA,NA,NA,NA,NA,NA,NA,NA,NA,NA,NA,NA,NA
"W3-333",NA,NA,NA,NA,NA,NA,NA,NA,NA,NA,NA,NA,NA
"W3-334",NA,NA,NA,NA,NA,NA,NA,NA,NA,NA,NA,NA,NA
"W3-335",NA,NA,NA,NA,NA,NA,NA,NA,NA,NA,NA,NA,NA
"W3-336",NA,NA,NA,NA,NA,NA,NA,NA,NA,NA,NA,NA,NA
"W3-337",NA,NA,NA,NA,NA,NA,NA,NA,NA,NA,NA,NA,NA
"W3-338",NA,NA,NA,NA,NA,NA,NA,NA,NA,NA,NA,NA,NA
"W3-339",NA,NA,NA,NA,NA,NA,NA,NA,NA,NA,NA,NA,NA
"W3-340",NA,NA,NA,NA,NA,NA,NA,NA,NA,NA,NA,NA,NA
"W3-341",NA,NA,NA,NA,NA,NA,NA,NA,NA,NA,NA,NA,NA
"W3-342",NA,NA,NA,NA,NA,NA,NA,NA,NA,NA,NA,NA,NA
"W3-343",NA,NA,NA,NA,NA,NA,NA,NA,NA,NA,NA,NA,NA
"W3-344",NA,NA,NA,NA,NA,NA,NA,NA,NA,NA,NA,NA,NA
"W3-345",NA,NA,NA,NA,NA,NA,NA,NA,NA,NA,NA,NA,NA
"W3-346",NA,NA,NA,NA,NA,NA,NA,NA,NA,NA,NA,NA,NA
"W3-401",NA,NA,NA,NA,NA,NA,NA,NA,NA,NA,NA,NA,NA
"W3-402",NA,NA,NA,NA,NA,NA,NA,NA,NA,NA,NA,NA,NA
"W3-403",NA,NA,NA,NA,NA,NA,NA,NA,NA,NA,NA,NA,NA
"W3-404",NA,NA,NA,NA,NA,NA,NA,NA,NA,NA,NA,NA,NA
"W3-405",NA,NA,NA,NA,NA,NA,NA,NA,NA,NA,NA,NA,NA
"W3-406",NA,NA,NA,NA,NA,NA,NA,NA,NA,NA,NA,NA,NA
"W3-407",NA,NA,NA,NA,NA,NA,NA,NA,NA,NA,NA,NA,NA
"W3-408",NA,NA,NA,NA,NA,NA,NA,NA,NA,NA,NA,NA,NA
"W3-409",NA,NA,NA,NA,NA,NA,NA,NA,NA,NA,NA,NA,NA
"W3-410",NA,NA,NA,NA,NA,NA,NA,NA,NA,NA,NA,NA,NA
"W4-001",NA,NA,NA,NA,NA,NA,NA,NA,NA,NA,NA,NA,NA
"W4-002",NA,NA,NA,NA,NA,NA,NA,NA,NA,NA,NA,NA,NA
"W4-003",NA,NA,NA,NA,NA,NA,NA,NA,NA,NA,NA,NA,NA
"W4-004",NA,NA,NA,NA,NA,NA,NA,NA,NA,NA,NA,NA,NA
"W4-005",NA,NA,NA,NA,NA,NA,NA,NA,NA,NA,NA,NA,NA
"W4-006",NA,NA,NA,NA,NA,NA,NA,NA,NA,NA,NA,NA,NA
"W4-007",NA,NA,NA,NA,NA,NA,NA,NA,NA,NA,NA,NA,NA
"W4-008",NA,NA,NA,NA,NA,NA,NA,NA,NA,NA,NA,NA,NA
"W4-009",NA,NA,NA,NA,NA,NA,NA,NA,NA,NA,NA,NA,NA
"W4-010",NA,NA,NA,NA,NA,NA,NA,NA,NA,NA,NA,NA,NA
"W4-011",NA,NA,NA,NA,NA,NA,NA,NA,NA,NA,NA,NA,NA
"W4-012",NA,NA,NA,NA,NA,NA,NA,NA,NA,NA,NA,NA,NA
"W4-013",NA,NA,NA,NA,NA,NA,NA,NA,NA,NA,NA,NA,NA
"W4-014",NA,NA,NA,NA,NA,NA,NA,NA,NA,NA,NA,NA,NA
"W4-015",NA,NA,NA,NA,NA,NA,NA,NA,NA,NA,NA,NA,NA
"W4-016",NA,NA,NA,NA,NA,NA,NA,NA,NA,NA,NA,NA,NA
"W4-017",NA,NA,NA,NA,NA,NA,NA,NA,NA,NA,NA,NA,NA
"W4-018",NA,NA,NA,NA,NA,NA,NA,NA,NA,NA,NA,NA,NA
"W4-019",NA,NA,NA,NA,NA,NA,NA,NA,NA,NA,NA,NA,NA
"W4-020",NA,NA,NA,NA,NA,NA,NA,NA,NA,NA,NA,NA,NA
"W4-021",NA,NA,NA,NA,NA,NA,NA,NA,NA,NA,NA,NA,NA
"W4-022",NA,NA,NA,NA,NA,NA,NA,NA,NA,NA,NA,NA,NA
"W4-023",NA,NA,NA,NA,NA,NA,NA,NA,NA,NA,NA,NA,NA
"W4-024",NA,NA,NA,NA,NA,NA,NA,NA,NA,NA,NA,NA,NA
"W4-025",NA,NA,NA,NA,NA,NA,NA,NA,NA,NA,NA,NA,NA
"W4-026",NA,NA,NA,NA,NA,NA,NA,NA,NA,NA,NA,NA,NA
"W4-027",NA,NA,NA,NA,NA,NA,NA,NA,NA,NA,NA,NA,NA
"W4-028",NA,NA,NA,NA,NA,NA,NA,NA,NA,NA,NA,NA,NA
"W4-029",NA,NA,NA,NA,NA,NA,NA,NA,NA,NA,NA,NA,NA
"W4-030",NA,NA,NA,NA,NA,NA,NA,NA,NA,NA,NA,NA,NA
"W4-031",NA,NA,NA,NA,NA,NA,NA,NA,NA,NA,NA,NA,NA
"W4-032",NA,NA,NA,NA,NA,NA,NA,NA,NA,NA,NA,NA,NA
"W4-033",NA,NA,NA,NA,NA,NA,NA,NA,NA,NA,NA,NA,NA
"W4-034",NA,NA,NA,NA,NA,NA,NA,NA,NA,NA,NA,NA,NA
"W4-035",NA,NA,NA,NA,NA,NA,NA,NA,NA,NA,NA,NA,NA
"W4-036",NA,NA,NA,NA,NA,NA,NA,NA,NA,NA,NA,NA,NA
"W4-037",NA,NA,NA,NA,NA,NA,NA,NA,NA,NA,NA,NA,NA
"W4-038",NA,NA,NA,NA,NA,NA,NA,NA,NA,NA,NA,NA,NA
"W4-039",NA,NA,NA,NA,NA,NA,NA,NA,NA,NA,NA,NA,NA
"W4-040",NA,NA,NA,NA,NA,NA,NA,NA,NA,NA,NA,NA,NA
"W4-041",NA,NA,NA,NA,NA,NA,NA,NA,NA,NA,NA,NA,NA
"W4-042",NA,NA,NA,NA,NA,NA,NA,NA,NA,NA,NA,NA,NA
"W4-043",NA,NA,NA,NA,NA,NA,NA,NA,NA,NA,NA,NA,NA
"W4-044",NA,NA,NA,NA,NA,NA,NA,NA,NA,NA,NA,NA,NA
"W4-045",NA,NA,NA,NA,NA,NA,NA,NA,NA,NA,NA,NA,NA
"W4-046",NA,NA,NA,NA,NA,NA,NA,NA,NA,NA,NA,NA,NA
"W4-047",NA,NA,NA,NA,NA,NA,NA,NA,NA,NA,NA,NA,NA
"W4-048",NA,NA,NA,NA,NA,NA,NA,NA,NA,NA,NA,NA,NA
"W4-049",NA,NA,NA,NA,NA,NA,NA,NA,NA,NA,NA,NA,NA
"W4-050",NA,NA,NA,NA,NA,NA,NA,NA,NA,NA,NA,NA,NA
"W4-051",NA,NA,NA,NA,NA,NA,NA,NA,NA,NA,NA,NA,NA
"W4-052",NA,NA,NA,NA,NA,NA,NA,NA,NA,NA,NA,NA,NA
"W4-053",NA,NA,NA,NA,NA,NA,NA,NA,NA,NA,NA,NA,NA
"W4-054",NA,NA,NA,NA,NA,NA,NA,NA,NA,NA,NA,NA,NA
"W4-055",NA,NA,NA,NA,NA,NA,NA,NA,NA,NA,NA,NA,NA
"W4-056",NA,NA,NA,NA,NA,NA,NA,NA,NA,NA,NA,NA,NA
"W4-057",NA,NA,NA,NA,NA,NA,NA,NA,NA,NA,NA,NA,NA
"W4-058",NA,NA,NA,NA,NA,NA,NA,NA,NA,NA,NA,NA,NA
"W4-059",NA,NA,NA,NA,NA,NA,NA,NA,NA,NA,NA,NA,NA
"W4-060",NA,NA,NA,NA,NA,NA,NA,NA,NA,NA,NA,NA,NA
"W4-061",NA,NA,NA,NA,NA,NA,NA,NA,NA,NA,NA,NA,NA
"W4-062",NA,NA,NA,NA,NA,NA,NA,NA,NA,NA,NA,NA,NA
"W4-063",NA,NA,NA,NA,NA,NA,NA,NA,NA,NA,NA,NA,NA
"W4-064",NA,NA,NA,NA,NA,NA,NA,NA,NA,NA,NA,NA,NA
"W4-065",NA,NA,NA,NA,NA,NA,NA,NA,NA,NA,NA,NA,NA
"W4-066",NA,NA,NA,NA,NA,NA,NA,NA,NA,NA,NA,NA,NA
"W4-067",NA,NA,NA,NA,NA,NA,NA,NA,NA,NA,NA,NA,NA
"W4-068",NA,NA,NA,NA,NA,NA,NA,NA,NA,NA,NA,NA,NA
"W4-069",NA,NA,NA,NA,NA,NA,NA,NA,NA,NA,NA,NA,NA
"W4-070",NA,NA,NA,NA,NA,NA,NA,NA,NA,NA,NA,NA,NA
"W4-071",NA,NA,NA,NA,NA,NA,NA,NA,NA,NA,NA,NA,NA
"W4-072",NA,NA,NA,NA,NA,NA,NA,NA,NA,NA,NA,NA,NA
"W4-073",NA,NA,NA,NA,NA,NA,NA,NA,NA,NA,NA,NA,NA
"W4-074",NA,NA,NA,NA,NA,NA,NA,NA,NA,NA,NA,NA,NA
"W4-075",NA,NA,NA,NA,NA,NA,NA,NA,NA,NA,NA,NA,NA
"W4-076",NA,NA,NA,NA,NA,NA,NA,NA,NA,NA,NA,NA,NA
"W4-077",NA,NA,NA,NA,NA,NA,NA,NA,NA,NA,NA,NA,NA
"W4-078",NA,NA,NA,NA,NA,NA,NA,NA,NA,NA,NA,NA,NA
"W4-079",NA,NA,NA,NA,NA,NA,NA,NA,NA,NA,NA,NA,NA
"W4-080",NA,NA,NA,NA,NA,NA,NA,NA,NA,NA,NA,NA,NA
"W4-081",NA,NA,NA,NA,NA,NA,NA,NA,NA,NA,NA,NA,NA
"W4-082",NA,NA,NA,NA,NA,NA,NA,NA,NA,NA,NA,NA,NA
"W4-083",NA,NA,NA,NA,NA,NA,NA,NA,NA,NA,NA,NA,NA
"W4-084",NA,NA,NA,NA,NA,NA,NA,NA,NA,NA,NA,NA,NA
"W4-085",NA,NA,NA,NA,NA,NA,NA,NA,NA,NA,NA,NA,NA
"W4-086",NA,NA,NA,NA,NA,NA,NA,NA,NA,NA,NA,NA,NA
"W4-087",NA,NA,NA,NA,NA,NA,NA,NA,NA,NA,NA,NA,NA
"W4-088",NA,NA,NA,NA,NA,NA,NA,NA,NA,NA,NA,NA,NA
"W4-089",NA,NA,NA,NA,NA,NA,NA,NA,NA,NA,NA,NA,NA
"W4-090",NA,NA,NA,NA,NA,NA,NA,NA,NA,NA,NA,NA,NA
"W4-091",NA,NA,NA,NA,NA,NA,NA,NA,NA,NA,NA,NA,NA
"W4-092",NA,NA,NA,NA,NA,NA,NA,NA,NA,NA,NA,NA,NA
"W4-093",NA,NA,NA,NA,NA,NA,NA,NA,NA,NA,NA,NA,NA
"W4-094",NA,NA,NA,NA,NA,NA,NA,NA,NA,NA,NA,NA,NA
"W4-095",NA,NA,NA,NA,NA,NA,NA,NA,NA,NA,NA,NA,NA
"W4-096",NA,NA,NA,NA,NA,NA,NA,NA,NA,NA,NA,NA,NA
"W4-097",NA,NA,NA,NA,NA,NA,NA,NA,NA,NA,NA,NA,NA
"W4-098",NA,NA,NA,NA,NA,NA,NA,NA,NA,NA,NA,NA,NA
"W4-099",NA,NA,NA,NA,NA,NA,NA,NA,NA,NA,NA,NA,NA
"W4-100",NA,NA,NA,NA,NA,NA,NA,NA,NA,NA,NA,NA,NA
"W4-101",NA,NA,NA,NA,NA,NA,NA,NA,NA,NA,NA,NA,NA
"W4-102",NA,NA,NA,NA,NA,NA,NA,NA,NA,NA,NA,NA,NA
"W4-103",NA,NA,NA,NA,NA,NA,NA,NA,NA,NA,NA,NA,NA
"W4-104",NA,NA,NA,NA,NA,NA,NA,NA,NA,NA,NA,NA,NA
"W4-105",NA,NA,NA,NA,NA,NA,NA,NA,NA,NA,NA,NA,NA
"W4-106",NA,NA,NA,NA,NA,NA,NA,NA,NA,NA,NA,NA,NA
"W4-107",NA,NA,NA,NA,NA,NA,NA,NA,NA,NA,NA,NA,NA
"W4-108",NA,NA,NA,NA,NA,NA,NA,NA,NA,NA,NA,NA,NA
"W4-109",NA,NA,NA,NA,NA,NA,NA,NA,NA,NA,NA,NA,NA
"W4-110",NA,NA,NA,NA,NA,NA,NA,NA,NA,NA,NA,NA,NA
"W4-111",NA,NA,NA,NA,NA,NA,NA,NA,NA,NA,NA,NA,NA
"W4-112",NA,NA,NA,NA,NA,NA,NA,NA,NA,NA,NA,NA,NA
"W4-113",NA,NA,NA,NA,NA,NA,NA,NA,NA,NA,NA,NA,NA
"W4-114",NA,NA,NA,NA,NA,NA,NA,NA,NA,NA,NA,NA,NA
"W4-115",NA,NA,NA,NA,NA,NA,NA,NA,NA,NA,NA,NA,NA
"W4-116",NA,NA,NA,NA,NA,NA,NA,NA,NA,NA,NA,NA,NA
"W4-117",NA,NA,NA,NA,NA,NA,NA,NA,NA,NA,NA,NA,NA
"W4-118",NA,NA,NA,NA,NA,NA,NA,NA,NA,NA,NA,NA,NA
"W4-119",NA,NA,NA,NA,NA,NA,NA,NA,NA,NA,NA,NA,NA
"W4-120",NA,NA,NA,NA,NA,NA,NA,NA,NA,NA,NA,NA,NA
"W4-121",NA,NA,NA,NA,NA,NA,NA,NA,NA,NA,NA,NA,NA
"W4-122",NA,NA,NA,NA,NA,NA,NA,NA,NA,NA,NA,NA,NA
"W4-123",NA,NA,NA,NA,NA,NA,NA,NA,NA,NA,NA,NA,NA
"W4-124",NA,NA,NA,NA,NA,NA,NA,NA,NA,NA,NA,NA,NA
"W4-125",NA,NA,NA,NA,NA,NA,NA,NA,NA,NA,NA,NA,NA
"W4-126",NA,NA,NA,NA,NA,NA,NA,NA,NA,NA,NA,NA,NA
"W4-127",NA,NA,NA,NA,NA,NA,NA,NA,NA,NA,NA,NA,NA
"W4-128",NA,NA,NA,NA,NA,NA,NA,NA,NA,NA,NA,NA,NA
"W4-129",NA,NA,NA,NA,NA,NA,NA,NA,NA,NA,NA,NA,NA
"W4-130",NA,NA,NA,NA,NA,NA,NA,NA,NA,NA,NA,NA,NA
"W4-131",NA,NA,NA,NA,NA,NA,NA,NA,NA,NA,NA,NA,NA
"W4-132",NA,NA,NA,NA,NA,NA,NA,NA,NA,NA,NA,NA,NA
"W4-133",NA,NA,NA,NA,NA,NA,NA,NA,NA,NA,NA,NA,NA
"W4-134",NA,NA,NA,NA,NA,NA,NA,NA,NA,NA,NA,NA,NA
"W4-135",NA,NA,NA,NA,NA,NA,NA,NA,NA,NA,NA,NA,NA
"W4-136",NA,NA,NA,NA,NA,NA,NA,NA,NA,NA,NA,NA,NA
"W4-137",NA,NA,NA,NA,NA,NA,NA,NA,NA,NA,NA,NA,NA
"W4-138",NA,NA,NA,NA,NA,NA,NA,NA,NA,NA,NA,NA,NA
"W4-139",NA,NA,NA,NA,NA,NA,NA,NA,NA,NA,NA,NA,NA
"W4-140",NA,NA,NA,NA,NA,NA,NA,NA,NA,NA,NA,NA,NA
"W4-141",NA,NA,NA,NA,NA,NA,NA,NA,NA,NA,NA,NA,NA
"W4-142",NA,NA,NA,NA,NA,NA,NA,NA,NA,NA,NA,NA,NA
"W4-143",NA,NA,NA,NA,NA,NA,NA,NA,NA,NA,NA,NA,NA
"W4-144",NA,NA,NA,NA,NA,NA,NA,NA,NA,NA,NA,NA,NA
"W4-145",NA,NA,NA,NA,NA,NA,NA,NA,NA,NA,NA,NA,NA
"W4-146",NA,NA,NA,NA,NA,NA,NA,NA,NA,NA,NA,NA,NA
"W4-147",NA,NA,NA,NA,NA,NA,NA,NA,NA,NA,NA,NA,NA
"W4-148",NA,NA,NA,NA,NA,NA,NA,NA,NA,NA,NA,NA,NA
"W4-149",NA,NA,NA,NA,NA,NA,NA,NA,NA,NA,NA,NA,NA
"W4-150",NA,NA,NA,NA,NA,NA,NA,NA,NA,NA,NA,NA,NA
"W4-151",NA,NA,NA,NA,NA,NA,NA,NA,NA,NA,NA,NA,NA
"W4-152",NA,NA,NA,NA,NA,NA,NA,NA,NA,NA,NA,NA,NA
"W4-153",NA,NA,NA,NA,NA,NA,NA,NA,NA,NA,NA,NA,NA
"W4-154",NA,NA,NA,NA,NA,NA,NA,NA,NA,NA,NA,NA,NA
"W4-155",NA,NA,NA,NA,NA,NA,NA,NA,NA,NA,NA,NA,NA
"W4-156",NA,NA,NA,NA,NA,NA,NA,NA,NA,NA,NA,NA,NA
"W4-157",NA,NA,NA,NA,NA,NA,NA,NA,NA,NA,NA,NA,NA
"W4-158",NA,NA,NA,NA,NA,NA,NA,NA,NA,NA,NA,NA,NA
"W4-159",NA,NA,NA,NA,NA,NA,NA,NA,NA,NA,NA,NA,NA
"W4-160",NA,NA,NA,NA,NA,NA,NA,NA,NA,NA,NA,NA,NA
"W4-161",NA,NA,NA,NA,NA,NA,NA,NA,NA,NA,NA,NA,NA
"W4-162",NA,NA,NA,NA,NA,NA,NA,NA,NA,NA,NA,NA,NA
"W4-163",NA,NA,NA,NA,NA,NA,NA,NA,NA,NA,NA,NA,NA
"W4-164",NA,NA,NA,NA,NA,NA,NA,NA,NA,NA,NA,NA,NA
"W4-165",NA,NA,NA,NA,NA,NA,NA,NA,NA,NA,NA,NA,NA
"W4-166",NA,NA,NA,NA,NA,NA,NA,NA,NA,NA,NA,NA,NA
"W4-167",NA,NA,NA,NA,NA,NA,NA,NA,NA,NA,NA,NA,NA
"W4-168",NA,NA,NA,NA,NA,NA,NA,NA,NA,NA,NA,NA,NA
"W4-169",NA,NA,NA,NA,NA,NA,NA,NA,NA,NA,NA,NA,NA
"W4-170",NA,NA,NA,NA,NA,NA,NA,NA,NA,NA,NA,NA,NA
"W4-171",NA,NA,NA,NA,NA,NA,NA,NA,NA,NA,NA,NA,NA
"W4-172",NA,NA,NA,NA,NA,NA,NA,NA,NA,NA,NA,NA,NA
"W4-173",NA,NA,NA,NA,NA,NA,NA,NA,NA,NA,NA,NA,NA
"W4-174",NA,NA,NA,NA,NA,NA,NA,NA,NA,NA,NA,NA,NA
"W4-175",NA,NA,NA,NA,NA,NA,NA,NA,NA,NA,NA,NA,NA
"W4-176",NA,NA,NA,NA,NA,NA,NA,NA,NA,NA,NA,NA,NA
"W4-177",NA,NA,NA,NA,NA,NA,NA,NA,NA,NA,NA,NA,NA
"W4-178",NA,NA,NA,NA,NA,NA,NA,NA,NA,NA,NA,NA,NA
"W4-179",NA,NA,NA,NA,NA,NA,NA,NA,NA,NA,NA,NA,NA
"W4-180",NA,NA,NA,NA,NA,NA,NA,NA,NA,NA,NA,NA,NA
"W4-181",NA,NA,NA,NA,NA,NA,NA,NA,NA,NA,NA,NA,NA
"W4-182",NA,NA,NA,NA,NA,NA,NA,NA,NA,NA,NA,NA,NA
"W4-183",NA,NA,NA,NA,NA,NA,NA,NA,NA,NA,NA,NA,NA
"W4-184",NA,NA,NA,NA,NA,NA,NA,NA,NA,NA,NA,NA,NA
"W4-185",NA,NA,NA,NA,NA,NA,NA,NA,NA,NA,NA,NA,NA
"W4-186",NA,NA,NA,NA,NA,NA,NA,NA,NA,NA,NA,NA,NA
"W4-187",NA,NA,NA,NA,NA,NA,NA,NA,NA,NA,NA,NA,NA
"W4-188",NA,NA,NA,NA,NA,NA,NA,NA,NA,NA,NA,NA,NA
"W4-189",NA,NA,NA,NA,NA,NA,NA,NA,NA,NA,NA,NA,NA
"W4-190",NA,NA,NA,NA,NA,NA,NA,NA,NA,NA,NA,NA,NA
"W4-191",NA,NA,NA,NA,NA,NA,NA,NA,NA,NA,NA,NA,NA
"W4-192",NA,NA,NA,NA,NA,NA,NA,NA,NA,NA,NA,NA,NA
"W4-193",NA,NA,NA,NA,NA,NA,NA,NA,NA,NA,NA,NA,NA
"W4-194",NA,NA,NA,NA,NA,NA,NA,NA,NA,NA,NA,NA,NA
"W4-195",NA,NA,NA,NA,NA,NA,NA,NA,NA,NA,NA,NA,NA
"W4-196",NA,NA,NA,NA,NA,NA,NA,NA,NA,NA,NA,NA,NA
"W4-197",NA,NA,NA,NA,NA,NA,NA,NA,NA,NA,NA,NA,NA
"W4-198",NA,NA,NA,NA,NA,NA,NA,NA,NA,NA,NA,NA,NA
"W4-199",NA,NA,NA,NA,NA,NA,NA,NA,NA,NA,NA,NA,NA
"W4-200",NA,NA,NA,NA,NA,NA,NA,NA,NA,NA,NA,NA,NA
"W4-301",NA,NA,NA,NA,NA,NA,NA,NA,NA,NA,NA,NA,NA
"W4-302",NA,NA,NA,NA,NA,NA,NA,NA,NA,NA,NA,NA,NA
"W4-303",NA,NA,NA,NA,NA,NA,NA,NA,NA,NA,NA,NA,NA
"W4-304",NA,NA,NA,NA,NA,NA,NA,NA,NA,NA,NA,NA,NA
"W4-305",NA,NA,NA,NA,NA,NA,NA,NA,NA,NA,NA,NA,NA
"W4-306",NA,NA,NA,NA,NA,NA,NA,NA,NA,NA,NA,NA,NA
"W4-307",NA,NA,NA,NA,NA,NA,NA,NA,NA,NA,NA,NA,NA
"W4-308",NA,NA,NA,NA,NA,NA,NA,NA,NA,NA,NA,NA,NA
"W4-309",NA,NA,NA,NA,NA,NA,NA,NA,NA,NA,NA,NA,NA
"W4-310",NA,NA,NA,NA,NA,NA,NA,NA,NA,NA,NA,NA,NA
"W4-311",NA,NA,NA,NA,NA,NA,NA,NA,NA,NA,NA,NA,NA
"W4-312",NA,NA,NA,NA,NA,NA,NA,NA,NA,NA,NA,NA,NA
"W4-313",NA,NA,NA,NA,NA,NA,NA,NA,NA,NA,NA,NA,NA
"W4-314",NA,NA,NA,NA,NA,NA,NA,NA,NA,NA,NA,NA,NA
"W4-315",NA,NA,NA,NA,NA,NA,NA,NA,NA,NA,NA,NA,NA
"W4-316",NA,NA,NA,NA,NA,NA,NA,NA,NA,NA,NA,NA,NA
"W4-317",NA,NA,NA,NA,NA,NA,NA,NA,NA,NA,NA,NA,NA
"W4-318",NA,NA,NA,NA,NA,NA,NA,NA,NA,NA,NA,NA,NA
"W4-319",NA,NA,NA,NA,NA,NA,NA,NA,NA,NA,NA,NA,NA
"W4-320",NA,NA,NA,NA,NA,NA,NA,NA,NA,NA,NA,NA,NA
"W4-321",NA,NA,NA,NA,NA,NA,NA,NA,NA,NA,NA,NA,NA
"W4-322",NA,NA,NA,NA,NA,NA,NA,NA,NA,NA,NA,NA,NA
"W4-323",NA,NA,NA,NA,NA,NA,NA,NA,NA,NA,NA,NA,NA
"W4-324",NA,NA,NA,NA,NA,NA,NA,NA,NA,NA,NA,NA,NA
"W4-325",NA,NA,NA,NA,NA,NA,NA,NA,NA,NA,NA,NA,NA
"W4-326",NA,NA,NA,NA,NA,NA,NA,NA,NA,NA,NA,NA,NA
"W4-327",NA,NA,NA,NA,NA,NA,NA,NA,NA,NA,NA,NA,NA
"W4-328",NA,NA,NA,NA,NA,NA,NA,NA,NA,NA,NA,NA,NA
"W4-329",NA,NA,NA,NA,NA,NA,NA,NA,NA,NA,NA,NA,NA
"W4-330",NA,NA,NA,NA,NA,NA,NA,NA,NA,NA,NA,NA,NA
"W4-331",NA,NA,NA,NA,NA,NA,NA,NA,NA,NA,NA,NA,NA
"W4-332",NA,NA,NA,NA,NA,NA,NA,NA,NA,NA,NA,NA,NA
"W4-333",NA,NA,NA,NA,NA,NA,NA,NA,NA,NA,NA,NA,NA
"W4-334",NA,NA,NA,NA,NA,NA,NA,NA,NA,NA,NA,NA,NA
"W4-335",NA,NA,NA,NA,NA,NA,NA,NA,NA,NA,NA,NA,NA
"W4-336",NA,NA,NA,NA,NA,NA,NA,NA,NA,NA,NA,NA,NA
"W4-337",NA,NA,NA,NA,NA,NA,NA,NA,NA,NA,NA,NA,NA
"W4-338",NA,NA,NA,NA,NA,NA,NA,NA,NA,NA,NA,NA,NA
"W4-339",NA,NA,NA,NA,NA,NA,NA,NA,NA,NA,NA,NA,NA
"W4-340",NA,NA,NA,NA,NA,NA,NA,NA,NA,NA,NA,NA,NA
"W4-341",NA,NA,NA,NA,NA,NA,NA,NA,NA,NA,NA,NA,NA
"W4-342",NA,NA,NA,NA,NA,NA,NA,NA,NA,NA,NA,NA,NA
"W4-343",NA,NA,NA,NA,NA,NA,NA,NA,NA,NA,NA,NA,NA
"W4-344",NA,NA,NA,NA,NA,NA,NA,NA,NA,NA,NA,NA,NA
"W4-345",NA,NA,NA,NA,NA,NA,NA,NA,NA,NA,NA,NA,NA
"W4-346",NA,NA,NA,NA,NA,NA,NA,NA,NA,NA,NA,NA,NA
"W4-401",NA,NA,NA,NA,NA,NA,NA,NA,NA,NA,NA,NA,NA
"W4-402",NA,NA,NA,NA,NA,NA,NA,NA,NA,NA,NA,NA,NA
"W4-403",NA,NA,NA,NA,NA,NA,NA,NA,NA,NA,NA,NA,NA
"W4-404",NA,NA,NA,NA,NA,NA,NA,NA,NA,NA,NA,NA,NA
"W4-405",NA,NA,NA,NA,NA,NA,NA,NA,NA,NA,NA,NA,NA
"W4-406",NA,NA,NA,NA,NA,NA,NA,NA,NA,NA,NA,NA,NA
"W4-407",NA,NA,NA,NA,NA,NA,NA,NA,NA,NA,NA,NA,NA
"W4-408",NA,NA,NA,NA,NA,NA,NA,NA,NA,NA,NA,NA,NA
"W4-409",NA,NA,NA,NA,NA,NA,NA,NA,NA,NA,NA,NA,NA
"W4-410",NA,NA,NA,NA,NA,NA,NA,NA,NA,NA,NA,NA,NA
